日期,送端,受端,平均气温/0.1℃,平均相对湿度/ 1% ,20-20时降水量/ 0.1mm,日照时数 /0.1小时%,"操作异常(""操作异常""+""卡涩""+""拒动""+""拒动/误动"")"
2011-11-01,133427.91199999998,127984.718,135,71,0,92,0
2011-11-02,136135.27599999998,129876.702,131,73,32700,72,0
2011-11-03,146135.962,140753.688,123,77,0,87,0
2011-11-04,148216.315,142729.717,128,78,32700,62,0
2011-11-05,130378.126,125178.466,140,78,7,63,0
2011-11-06,117725.187,113162.113,129,81,12,79,0
2011-11-07,134108.701,129606.133,118,95,149,0,0
2011-11-08,124136.145,119198.374,106,95,168,0,0
2011-11-09,101445.615,97613.878,102,77,1,57,0
2011-11-10,100960.687,97407.986,101,79,0,88,0
2011-11-11,102897.187,99250.596,115,79,0,77,0
2011-11-12,95233.82,91657.624,121,77,0,81,0
2011-11-13,92857.987,90381.802,127,73,0,97,0
2011-11-14,113357.215,109336.638,120,76,0,85,0
2011-11-15,113052.737,108838.975,121,78,0,64,0
2011-11-16,114041.601,109759.502,121,74,0,76,0
2011-11-17,113897.562,109162.978,120,68,0,96,0
2011-11-18,106147.326,101858.959,117,68,0,98,0
2011-11-19,105611.787,101589.782,117,74,0,99,0
2011-11-20,99607.751,95969.133,115,74,0,95,0
2011-11-21,105330.812,101403.035,116,78,0,78,0
2011-11-22,107446.501,103238.499,107,79,0,72,0
2011-11-23,107095.712,103057.153,110,76,0,88,0
2011-11-24,114291.362,109973.634,117,78,0,72,0
2011-11-25,113638.001,109250.572,121,78,0,82,0
2011-11-26,113124.373,108802.715,120,78,0,74,0
2011-11-27,104898.387,100822.673,109,76,0,93,0
2011-11-28,115510.812,111143.326,103,74,0,99,0
2011-11-29,112007.712,107298.928,128,63,32700,16,0
2011-11-30,117148.873,112647.866,124,74,0,39,0
2011-12-01,100986.798,96608.036,125,82,32,49,0
2011-12-02,97875.362,93556.787,96,84,18,36,0
2011-12-03,96080.137,91873.287,101,85,0,53,0
2011-12-04,93267.476,89072.101,119,84,12,30,0
2011-12-05,107780.812,103161.556,120,89,9,41,0
2011-12-06,105222.187,100525.466,126,82,32700,30,0
2011-12-07,104625.987,98666.488,142,82,0,64,0
2011-12-08,105934.776,100487.789,134,84,0,67,0
2011-12-09,108536.276,103705.046,118,87,1,2,0
2011-12-10,108784.651,103723.018,63,92,32700,0,0
2011-12-11,91004.101,85084.022,46,93,11,0,0
2011-12-12,112791.026,106536.443,76,89,32700,62,0
2011-12-13,115735.737,109664.863,88,87,0,21,0
2011-12-14,111137.276,106882.201,84,83,0,26,0
2011-12-15,105273.312,101643.26,99,78,0,61,0
2011-12-16,102745.99,99290.794,91,86,32700,15,0
2011-12-17,106966.626,103206.012,94,83,0,67,0
2011-12-18,91166.426,87572.936,98,82,0,79,0
2011-12-19,110780.512,106503.094,100,79,0,53,0
2011-12-20,125512.362,121286.43,99,72,0,94,0
2011-12-21,127353.173,123291.161,97,72,0,93,0
2011-12-22,121863.526,117801.734,96,76,0,87,0
2011-12-23,122368.323,118319.98,108,73,0,95,0
2011-12-24,114758.265,111230.186,58,84,32700,0,0
2011-12-25,91670.276,88771.493,76,87,0,0,0
2011-12-26,109215.976,105671.858,85,89,0,0,0
2011-12-27,108150.001,104637.206,102,78,0,54,0
2011-12-28,106168.915,102310.838,102,81,0,0,0
2011-12-29,103122.287,98974.337,120,65,0,93,0
2011-12-30,96413.698,91355.734,98,72,0,94,0
2011-12-31,87249.412,82368.868,102,69,0,93,0
2012-01-01,57468.209,53810.291,109,68,0,95,0
2012-01-02,79792.617,75915.859,135,68,0,73,0
2012-01-03,90471.773,85544.225,145,64,6,91,0
2012-01-04,98503.073,93430.453,99,75,12,22,0
2012-01-05,98206.395,93749.457,98,72,26,82,0
2012-01-06,95461.17,91201.016,88,69,0,81,0
2012-01-07,90771.07,87095.62599999999,96,64,0,88,0
2012-01-08,84355.47,80447.431,97,59,0,91,0
2012-01-09,80903.745,77664.545,103,65,0,91,1
2012-01-10,74940.22,71324.448,105,72,0,64,0
2012-01-11,70086.698,66575.452,102,77,0,62,0
2012-01-12,65323.198,61891.253,107,80,32700,50,1
2012-01-13,64005.834,60361.989,101,84,32700,19,2
2012-01-14,58636.92,53166.164,104,76,1,63,0
2012-01-15,50666.623,45659.328,99,49,0,97,0
2012-01-16,53133.06200000001,49521.668,82,52,0,96,4
2012-01-17,42519.37,38366.688,87,60,0,45,0
2012-01-18,35733.284,31875.034,116,42,0,84,0
2012-01-19,29636.909,26732.518,110,48,0,94,0
2012-01-20,24649.184,22703.66,103,54,0,93,0
2012-01-21,22534.906000000006,20455.857,115,47,0,76,0
2012-01-22,24416.301,22583.963,102,47,0,97,0
2012-01-23,18616.537,16921.261000000002,101,47,0,100,0
2012-01-24,19162.262,17047.857,113,34,0,102,0
2012-01-25,19421.615,17822.077,92,50,0,101,0
2012-01-26,20306.534,18570.832,112,49,0,103,0
2012-01-27,23892.723,21696.845,129,41,0,103,0
2012-01-28,28679.948,26754.898,124,40,0,103,0
2012-01-29,32380.173,30620.755,110,47,0,102,0
2012-01-30,39676.337,38018.526,111,47,0,103,0
2012-01-31,57751.097,55604.228,112,52,0,95,0
2012-02-01,55842.65900000001,53672.207,118,47,0,103,0
2012-02-02,88571.545,85701.91900000001,110,48,0,102,0
2012-02-03,96412.101,93983.744,105,53,0,105,0
2012-02-04,92216.523,88911.962,136,36,0,102,0
2012-02-05,73535.448,70855.87700000001,147,36,0,103,0
2012-02-06,78900.473,76223.407,150,30,0,103,0
2012-02-07,81880.50099999999,78515.491,135,40,0,102,0
2012-02-08,87470.234,83070.024,147,40,0,104,1
2012-02-09,94983.031,90501.991,151,34,0,102,0
2012-02-10,112738.148,107409.62,157,39,0,100,0
2012-02-11,112288.909,107420.726,138,47,0,98,0
2012-02-12,114356.02,109579.899,139,43,0,100,0
2012-02-13,112496.184,106861.269,130,49,0,105,0
2012-02-14,111247.623,106152.242,139,42,0,103,2
2012-02-15,116280.356,111215.601,153,37,0,102,0
2012-02-16,117638.363,112825.279,151,40,0,103,0
2012-02-17,114390.888,109646.558,155,41,0,102,0
2012-02-18,106319.49,101518.657,162,39,0,104,0
2012-02-19,100171.769,95967.636,132,49,0,98,0
2012-02-20,109694.341,104877.858,130,53,0,102,0
2012-02-21,105418.8,100981.409,142,49,0,82,0
2012-02-22,108332.912,103877.788,149,47,0,100,0
2012-02-23,111082.457,106751.395,150,48,0,100,0
2012-02-24,115040.424,110120.923,161,42,0,103,0
2012-02-25,106311.232,102040.189,162,35,0,105,0
2012-02-26,98047.747,94648.578,161,29,0,105,0
2012-02-27,115728.876,110591.02,159,32,0,96,0
2012-02-28,108026.45,103419.246,135,40,0,104,0
2012-02-29,102239.944,91855.628,154,31,0,87,0
2012-03-01,107981.951,102080.517,112,73,73,22,0
2012-03-02,105301.048,98429.344,107,75,12,21,0
2012-03-03,107111.449,100224.397,91,87,149,0,0
2012-03-04,98867.534,93463.63,99,72,32700,64,0
2012-03-05,112265.327,106418.659,122,51,0,104,0
2012-03-06,110613.046,105202.577,122,62,0,54,0
2012-03-07,99002.807,94204.202,137,59,0,45,0
2012-03-08,93617.571,89055.94,159,43,0,53,0
2012-03-09,82774.995,79054.94099999999,179,33,0,104,0
2012-03-10,79272.609,75107.757,164,38,0,106,0
2012-03-11,76990.891,73336.26299999999,169,37,0,104,0
2012-03-12,91998.234,87791.087,170,36,0,107,0
2012-03-13,97057.848,92195.098,172,34,0,107,1
2012-03-14,104103.643,97909.947,174,40,0,72,0
2012-03-15,107554.408,102204.186,178,36,0,101,0
2012-03-16,115622.288,110214.584,170,39,0,88,0
2012-03-17,100431.65,95002.961,155,42,0,98,3
2012-03-18,98392.089,92808.603,148,40,0,106,0
2012-03-19,107585.434,102369.442,159,35,0,100,0
2012-03-20,108601.553,103204.125,170,41,0,104,0
2012-03-21,129569.837,124386.283,190,39,0,84,0
2012-03-22,121512.752,116068.819,182,52,0,38,0
2012-03-23,120323.636,114949.173,179,47,0,87,0
2012-03-24,119773.722,114766.499,129,50,0,69,0
2012-03-25,98886.326,94465.208,158,64,32700,73,0
2012-03-26,121702.029,116564.33,168,66,0,63,0
2012-03-27,121942.731,117161.2,174,64,0,71,0
2012-03-28,113278.114,108556.256,193,54,32700,98,0
2012-03-29,99416.713,94583.176,201,39,0,94,0
2012-03-30,101855.809,97633.532,199,30,0,89,0
2012-03-31,98515.861,94168.119,139,51,0,31,0
2012-04-01,73321.232,69397.474,166,52,0,102,1
2012-04-02,70511.93,66656.76299999999,199,41,0,112,0
2012-04-03,55226.321,51682.112,186,40,0,81,0
2012-04-04,42286.093,38748.346,201,37,0,85,0
2012-04-05,93021.67,88084.565,204,39,0,108,0
2012-04-06,89164.17,85020.41699999999,177,51,32700,58,0
2012-04-07,95418.67,91122.816,169,61,24,36,0
2012-04-08,98569.407,94461.854,127,83,60,27,0
2012-04-09,117226.275,112795.997,158,64,0,83,0
2012-04-10,124844.72,120151.963,167,57,0,101,0
2012-04-11,128682.419,124135.189,179,54,0,103,0
2012-04-12,139000.633,132746.562,184,51,0,97,0
2012-04-13,137150.35199999998,131575.802,192,47,0,94,0
2012-04-14,136782.298,131421.732,207,37,0,115,0
2012-04-15,130420.603,125265.351,211,36,0,108,0
2012-04-16,150069.84699999998,144134.448,210,37,0,99,0
2012-04-17,155709.517,149158.785,202,38,0,103,0
2012-04-18,156536.84699999998,149654.598,214,32,0,116,0
2012-04-19,156891.81,150010.821,184,48,3,58,0
2012-04-20,157445.941,150196.639,184,55,32700,76,0
2012-04-21,149280.59,143104.005,179,58,0,97,0
2012-04-22,134009.97400000002,127743.073,180,61,2,58,0
2012-04-23,155306.515,148143.179,195,58,32700,109,0
2012-04-24,154447.654,147488.421,211,39,0,118,0
2012-04-25,167363.546,159445.212,209,40,0,68,0
2012-04-26,188166.199,180929.257,178,52,32700,55,0
2012-04-27,172326.152,165074.49599999998,199,47,0,89,0
2012-04-28,132244.989,125655.404,200,47,0,62,0
2012-04-29,101916.255,96990.607,205,49,0,80,0
2012-04-30,82875.144,79852.019,197,47,0,104,0
2012-05-01,49192.9,45578.50900000001,202,45,0,122,0
2012-05-02,154697.72199999998,145391.518,221,32,0,122,0
2012-05-03,183753.652,174044.853,219,33,0,120,0
2012-05-04,210992.812,200294.143,225,34,0,121,0
2012-05-05,212576.516,200773.999,221,40,0,97,0
2012-05-06,191436.927,182621.476,204,67,3,6,7
2012-05-07,214706.86,205975.221,185,81,10,0,0
2012-05-08,227565.965,218512.345,207,74,2,49,0
2012-05-09,239230.423,228928.292,227,60,0,106,0
2012-05-10,260949.594,249555.837,240,50,0,105,0
2012-05-11,265076.449,253542.382,248,49,0,111,0
2012-05-12,238905.107,228605.899,252,42,0,104,0
2012-05-13,207215.508,198885.162,240,45,0,101,0
2012-05-14,258031.44600000003,246614.105,248,43,0,94,0
2012-05-15,239374.229,228875.554,226,51,32700,76,0
2012-05-16,251469.513,239215.522,230,45,0,95,0
2012-05-17,252074.617,238990.03,232,42,0,95,0
2012-05-18,248795.601,236473.845,236,42,0,119,0
2012-05-19,221191.762,210325.189,248,47,0,99,2
2012-05-20,204975.142,194497.184,253,46,0,103,0
2012-05-21,244850.113,233277.226,264,49,0,101,0
2012-05-22,260296.756,246461.843,259,49,0,89,0
2012-05-23,260833.388,247529.141,258,47,0,108,0
2012-05-24,276361.958,261363.146,255,49,0,93,2
2012-05-25,272326.985,256778.877,220,74,38,49,0
2012-05-26,264836.217,251661.657,203,77,27,15,0
2012-05-27,238141.72,224924.994,210,75,32700,46,0
2012-05-28,263540.629,249833.585,216,77,1,33,0
2012-05-29,284519.387,269401.108,210,81,243,29,0
2012-05-30,297225.74600000004,281552.108,175,87,75,0,0
2012-05-31,313582.80100000004,299781.25,172,92,34,0,0
2012-06-01,325754.311,310695.647,204,81,0,28,2
2012-06-02,293335.624,281761.007,186,88,36,0,0
2012-06-03,277975.308,267162.216,202,85,59,5,0
2012-06-04,318141.362,304599.106,222,71,0,61,0
2012-06-05,351706.593,335943.54799999995,238,58,0,126,0
2012-06-06,385337.955,366709.593,247,50,0,127,0
2012-06-07,386052.441,367734.263,251,49,0,110,0
2012-06-08,390142.052,371377.16,227,74,16,41,0
2012-06-09,364569.03,347425.598,227,71,32700,83,0
2012-06-10,330584.043,316178.335,218,78,24,6,1
2012-06-11,370963.159,352607.661,211,78,2,0,0
2012-06-12,371384.608,353488.194,222,71,32700,50,0
2012-06-13,369540.621,351223.902,239,54,0,106,1
2012-06-14,376047.556,356043.4420000001,223,67,87,13,0
2012-06-15,381191.788,356132.614,205,77,90,19,0
2012-06-16,360300.349,343313.645,193,81,32700,0,0
2012-06-17,352323.638,336235.938,198,79,10,16,0
2012-06-18,379446.122,361068.778,229,71,0,58,0
2012-06-19,381126.415,361092.442,222,75,148,17,1
2012-06-20,370772.063,351818.945,191,93,395,0,2
2012-06-21,365285.06,346194.536,208,85,22,0,0
2012-06-22,364446.917,345854.389,215,79,8,6,0
2012-06-23,220745.046,210616.362,218,77,1,9,0
2012-06-24,247874.496,235683.173,219,69,32700,15,1
2012-06-25,356410.64200000005,336686.014,210,74,0,14,0
2012-06-26,402999.722,381042.634,219,70,0,8,0
2012-06-27,420447.239,396489.765,222,69,0,75,0
2012-06-28,434307.146,410166.209,226,66,0,55,0
2012-06-29,439008.254,403005.626,230,71,0,73,0
2012-06-30,408266.279,386708.071,229,72,30,68,0
2012-07-01,335749.726,320042.49100000004,213,82,75,23,0
2012-07-02,397263.556,374278.198,210,83,40,70,0
2012-07-03,433603.447,410064.96,210,80,0,13,0
2012-07-04,431770.949,409932.329,207,84,13,6,0
2012-07-05,450061.348,430209.126,210,82,38,16,0
2012-07-06,438037.051,416427.483,221,76,13,84,0
2012-07-07,441797.658,417581.358,226,74,0,66,0
2012-07-08,394394.912,373932.106,230,73,0,88,0
2012-07-09,439211.015,415060.17,223,75,0,44,0
2012-07-10,468768.515,443208.415,221,76,0,55,0
2012-07-11,474053.379,447741.578,227,72,0,72,0
2012-07-12,491709.244,463374.1370000001,231,68,0,56,0
2012-07-13,491132.814,463474.095,208,84,44,2,0
2012-07-14,498501.983,469574.6370000001,210,85,11,3,0
2012-07-15,443311.153,419324.385,215,77,0,36,0
2012-07-16,477071.847,450329.673,205,84,7,0,0
2012-07-17,498752.7620000001,470344.172,201,90,114,0,0
2012-07-18,501344.081,472937.705,212,87,19,12,3
2012-07-19,497514.084,468423.285,199,92,228,9,0
2012-07-20,498917.756,469596.625,214,81,21,87,0
2012-07-21,500521.856,471846.444,223,75,0,89,0
2012-07-22,489397.633,461936.603,210,77,10,0,0
2012-07-23,463132.666,438197.56,195,88,46,17,0
2012-07-24,447035.21,422487.20700000005,211,81,98,84,0
2012-07-25,465221.047,438058.414,207,84,13,11,0
2012-07-26,484957.154,457208.348,223,73,32700,62,0
2012-07-27,488121.64700000006,460577.442,211,81,32700,50,0
2012-07-28,466437.687,438117.835,187,92,397,0,0
2012-07-29,493960.15,465773.185,187,92,54,40,0
2012-07-30,505207.771,475871.311,218,79,0,96,0
2012-07-31,519060.908,487778.451,210,84,243,60,0
2012-08-01,522178.81,491346.752,191,89,92,0,0
2012-08-02,530728.926,498640.33200000005,200,84,119,58,0
2012-08-03,520719.685,489484.591,206,84,103,69,0
2012-08-04,523476.20700000005,492035.568,221,77,0,98,0
2012-08-05,495663.579,467318.552,229,75,0,99,0
2012-08-06,478903.348,449690.787,200,82,155,38,0
2012-08-07,514250.193,483604.023,194,91,214,10,1
2012-08-08,516842.77,486025.754,209,82,16,80,0
2012-08-09,518764.384,487577.635,209,82,32700,46,0
2012-08-10,518161.73,486921.153,222,68,0,117,0
2012-08-11,517989.269,487190.115,220,71,0,111,0
2012-08-12,509001.861,479139.347,235,72,0,116,0
2012-08-13,506528.004,476990.424,225,78,66,62,0
2012-08-14,518954.975,488479.711,213,81,0,81,0
2012-08-15,524979.866,493720.759,206,88,95,33,0
2012-08-16,515026.958,484899.862,221,79,3,83,0
2012-08-17,467277.59,439629.385,227,71,0,105,0
2012-08-18,456140.319,428399.118,211,76,32700,6,0
2012-08-19,456939.761,428546.664,197,82,23,29,0
2012-08-20,497805.336,467090.081,202,84,60,68,0
2012-08-21,522826.959,491535.778,204,82,32700,65,0
2012-08-22,517027.398,486291.67,198,78,30,5,0
2012-08-23,510643.115,480474.271,188,85,47,1,0
2012-08-24,527750.106,496767.58200000005,202,83,0,58,0
2012-08-25,528893.049,497824.203,201,81,34,34,0
2012-08-26,515908.961,485914.131,188,93,157,17,0
2012-08-27,520673.771,490257.507,199,89,32700,69,0
2012-08-28,529405.002,498160.76,217,77,0,93,0
2012-08-29,528594.007,497390.167,222,76,0,58,0
2012-08-30,532191.9739999999,500994.537,224,77,32700,85,0
2012-08-31,531695.076,500232.869,227,76,0,84,0
2012-09-01,514924.585,485301.567,220,79,0,78,0
2012-09-02,487201.966,459251.725,177,92,474,8,0
2012-09-03,498012.104,469081.839,191,71,0,43,0
2012-09-04,508604.877,478606.858,195,69,0,38,0
2012-09-05,500426.861,471269.918,202,75,0,65,0
2012-09-06,501251.561,471945.317,205,75,0,89,0
2012-09-07,504206.358,475059.575,203,78,0,56,0
2012-09-08,473446.895,445992.692,209,77,0,71,0
2012-09-09,463178.246,435357.243,209,80,0,71,0
2012-09-10,489391.75,460605.681,216,78,0,64,0
2012-09-11,501899.009,472926.288,209,79,32700,54,0
2012-09-12,495560.92,466480.445,199,85,31,40,0
2012-09-13,507200.112,478189.807,136,94,491,0,0
2012-09-14,477414.058,450552.599,148,84,36,5,0
2012-09-15,407818.265,386516.024,156,84,0,0,0
2012-09-16,390921.31,369679.812,165,86,0,12,0
2012-09-17,441332.209,417302.46200000006,187,83,32700,27,0
2012-09-18,468684.304,443376.217,194,80,0,55,0
2012-09-19,472554.067,446704.295,198,82,32700,12,0
2012-09-20,480765.144,453872.461,203,79,0,39,0
2012-09-21,477293.11,450618.947,208,72,0,44,0
2012-09-22,448843.654,424286.905,197,78,0,48,0
2012-09-23,447897.523,424127.094,204,74,0,105,0
2012-09-24,472249.231,447751.692,208,73,0,108,0
2012-09-25,483120.176,457328.028,210,77,0,93,0
2012-09-26,471810.308,445206.439,211,78,17,56,0
2012-09-27,464756.167,439575.879,190,90,212,15,0
2012-09-28,436069.284,414289.711,171,93,175,0,0
2012-09-29,395950.7020000001,375960.584,171,87,4,0,0
2012-09-30,236161.641,224228.459,181,88,16,34,1
2012-10-01,211968.461,201964.127,163,91,54,27,0
2012-10-02,226124.837,214952.835,179,85,0,60,0
2012-10-03,275318.957,261303.396,191,83,3,77,0
2012-10-04,345844.63700000005,327234.697,194,80,0,58,0
2012-10-05,350568.41299999994,333637.86,196,80,0,51,0
2012-10-06,374842.554,358297.57,191,83,32700,7,0
2012-10-07,380342.03,361073.162,185,82,1,10,1
2012-10-08,394836.501,376121.879,185,82,0,24,1
2012-10-09,407212.567,387244.009,179,84,0,44,0
2012-10-10,402405.639,382667.66,183,79,0,56,0
2012-10-11,391755.476,372781.884,183,79,32700,67,0
2012-10-12,389695.546,370828.297,177,83,32700,4,1
2012-10-13,392671.592,373322.71200000006,198,73,0,72,0
2012-10-14,363449.824,344526.48,190,68,0,105,0
2012-10-15,390924.19,371840.529,192,65,0,101,0
2012-10-16,392349.467,373537.951,189,61,0,104,0
2012-10-17,397657.414,378658.276,160,74,0,43,0
2012-10-18,393561.157,374882.965,173,67,0,91,1
2012-10-19,382324.874,364157.89,183,59,0,109,0
2012-10-20,352149.544,335307.641,173,59,0,108,0
2012-10-21,344422.634,328660.79,163,59,0,108,0
2012-10-22,355819.864,338567.004,155,64,0,106,0
2012-10-23,345324.985,329353.365,155,70,0,106,2
2012-10-24,355820.003,339524.15,163,67,0,108,0
2012-10-25,344233.30700000003,329038.709,170,62,0,107,0
2012-10-26,320972.365,307824.014,161,60,0,108,1
2012-10-27,299141.63800000004,288014.464,156,67,0,103,0
2012-10-28,271008.545,260153.181,165,71,0,67,0
2012-10-29,271157.93,258381.988,175,73,0,71,0
2012-10-30,247679.275,237427.91,155,81,22,61,0
2012-10-31,234416.298,225713.718,142,71,0,53,0
2012-11-01,244430.473,235172.754,148,74,0,99,0
2012-11-02,249506.435,239957.029,145,61,0,100,0
2012-11-03,248970.675,235133.707,142,58,0,100,0
2012-11-04,226014.738,218030.73100000003,145,70,0,75,0
2012-11-05,252722.724,242942.316,148,77,0,86,0
2012-11-06,272666.439,261753.062,163,81,0,21,0
2012-11-07,272299.502,261259.172,168,78,32700,36,0
2012-11-08,274822.34,263741.997,166,62,32700,60,0
2012-11-09,277614.24,266875.917,156,56,0,93,0
2012-11-10,278004.37100000004,267449.7,145,58,0,101,0
2012-11-11,267108.653,257462.087,127,70,0,92,0
2012-11-12,265249.234,255697.125,142,66,0,97,0
2012-11-13,280394.094,269707.197,142,65,0,93,0
2012-11-14,280756.874,269935.37100000004,149,68,0,81,0
2012-11-15,275196.406,264958.369,144,75,0,69,0
2012-11-16,273774.006,262630.64,158,73,18,43,0
2012-11-17,268687.12,258130.901,145,64,0,89,0
2012-11-18,247266.338,237796.03441,132,75,0,79,0
2012-11-19,263791.456,253804.9187,158,57,0,98,0
2012-11-20,264478.768,228370.028,183,50,0,99,0
2012-11-21,260731.316,257841.513,167,55,0,96,0
2012-11-22,258960.681,251161.79,172,42,0,100,1
2012-11-23,265671.785,251785.892,141,60,0,98,0
2012-11-24,261356.195,251088.933,148,62,0,101,0
2012-11-25,241200.609,231479.142,148,59,0,96,0
2012-11-26,260837.895,250275.116,138,69,0,75,0
2012-11-27,265555.803,254873.188,149,59,0,90,0
2012-11-28,265284.483,253852.923,137,60,0,100,0
2012-11-29,266375.507,255351.499,136,55,0,99,0
2012-11-30,267270.011,255910.727,128,58,0,98,0
2012-12-01,262385.843,250902.456,149,53,0,95,0
2012-12-02,217609.208,208310.587,125,56,0,98,1
2012-12-03,244465.26100000003,233893.691,124,58,0,98,0
2012-12-04,256552.375,246009.213,135,56,0,96,0
2012-12-05,248684.778,238124.376,88,73,0,6,0
2012-12-06,251548.937,240983.803,116,73,0,92,0
2012-12-07,253113.26,242314.203,105,75,0,36,0
2012-12-08,257863.213,247190.965,107,77,0,44,0
2012-12-09,241287.338,229986.581,118,69,0,79,1
2012-12-10,239257.35600000003,228659.616,116,59,0,95,0
2012-12-11,250080.579,240507.774,102,66,0,93,0
2012-12-12,251871.814,241188.484,108,68,0,95,0
2012-12-13,252326.078,241278.317,116,60,0,95,0
2012-12-14,252366.495,242089.032,111,54,0,97,1
2012-12-15,243205.627,232609.725,109,50,0,95,0
2012-12-16,239171.312,229622.935,110,50,0,96,0
2012-12-17,241378.439,231736.218,109,49,0,97,0
2012-12-18,257881.705,248123.965,108,61,0,89,0
2012-12-19,254404.061,244807.725,116,62,0,97,0
2012-12-20,252261.223,241820.293,124,44,0,97,0
2012-12-21,244507.422,234693.006,116,46,0,97,0
2012-12-22,241253.206,231689.157,104,56,0,95,0
2012-12-23,222505.888,214216.01100000003,77,73,0,41,0
2012-12-24,235909.483,226785.698,109,67,0,76,0
2012-12-25,226499.054,218321.717,107,58,0,98,0
2012-12-26,224162.599,215583.189,103,62,0,81,0
2012-12-27,221683.79,213050.54,98,55,0,96,0
2012-12-28,235419.267,226709.719,91,59,0,95,0
2012-12-29,236934.726,227920.806,113,54,0,98,0
2012-12-30,214679.719,207438.451,33,70,0,0,0
2012-12-31,230306.689,222435.215,14,87,0,0,0
2013-01-01,144450.256,139777.024,69,82,0,52,0
2013-01-02,210553.6,202291.839,91,71,0,79,0
2013-01-03,236548.689,226781.219,96,80,0,42,0
2013-01-04,247194.109,237189.41,127,48,0,96,0
2013-01-05,255774.198,244491.019,119,44,0,97,0
2013-01-06,254768.423,242819.699,104,45,0,99,0
2013-01-07,262328.247,250897.021,107,49,0,96,0
2013-01-08,270370.036,258807.726,120,43,0,80,0
2013-01-09,276719.605,265053.184,87,59,0,34,0
2013-01-10,282689.94800000003,270626.723,87,77,0,65,0
2013-01-11,281744.107,269547.059,71,80,32700,35,0
2013-01-12,280676.865,267862.219,82,76,0,63,0
2013-01-13,249591.351,239041.751,81,76,0,65,0
2013-01-14,264903.906,253309.741,94,71,0,57,0
2013-01-15,254093.057,243038.493,90,68,0,81,0
2013-01-16,255142.498,243232.872,99,62,0,98,0
2013-01-17,254269.804,242518.82100000003,92,71,0,61,0
2013-01-18,254029.36,242497.735,113,75,0,72,0
2013-01-19,250490.638,239586.126,121,53,0,90,0
2013-01-20,216209.479,207558.747,130,35,0,45,0
2013-01-21,230027.478,221950.527,106,50,0,97,0
2013-01-22,215216.471,207911.282,108,48,0,100,0
2013-01-23,216080.783,209064.667,106,48,0,100,0
2013-01-24,215638.56,208361.699,109,49,0,97,0
2013-01-25,202334.948,196061.498,110,50,0,98,0
2013-01-26,199278.977,192702.844,99,43,0,100,0
2013-01-27,194435.659,188427.545,89,55,0,91,0
2013-01-28,213184.195,206338.602,111,58,0,93,0
2013-01-29,215672.9,208711.608,96,52,0,81,0
2013-01-30,210611.384,202829.827,104,61,0,39,0
2013-01-31,199191.514,192399.157,120,53,0,102,0
2013-02-01,183918.389,178028.365,110,43,0,98,0
2013-02-02,163324.75,158112.279,110,46,0,82,1
2013-02-03,155823.954,150881.59900000002,113,51,0,69,0
2013-02-04,148647.142,143688.87099999998,113,50,32700,87,0
2013-02-05,137375.639,133056.173,132,43,0,103,0
2013-02-06,126039.144,121572.511,142,39,0,104,0
2013-02-07,102115.486,98550.014,161,37,0,102,0
2013-02-08,53713.188,51187.203,158,39,0,104,0
2013-02-09,44977.797,42530.172,161,42,0,87,0
2013-02-10,49901.81,47382.585,159,47,0,95,0
2013-02-11,46410.381,43529.318,158,39,0,106,0
2013-02-12,40524.919,37944.825,169,33,0,107,0
2013-02-13,47148.77,44716.567,181,31,0,62,0
2013-02-14,67165.03,63855.28599999999,173,32,0,93,0
2013-02-15,82306.079,78900.267,168,31,0,105,0
2013-02-16,105376.85,100909.274,159,36,0,106,0
2013-02-17,112154.651,107077.869,170,41,0,88,0
2013-02-18,115548.885,110626.358,165,52,32700,14,0
2013-02-19,144958.57,139419.949,133,51,0,108,0
2013-02-20,158222.253,152634.495,141,50,0,98,0
2013-02-21,170555.687,164106.236,148,42,0,108,0
2013-02-22,177774.591,171819.11899999998,147,38,0,108,0
2013-02-23,170279.563,164773.423,158,60,0,84,0
2013-02-24,164960.80599999998,159359.671,175,45,0,108,0
2013-02-25,195095.033,187422.616,165,34,0,109,0
2013-02-26,199854.373,192085.749,196,25,0,107,0
2013-02-27,195325.194,187902.733,168,37,0,108,0
2013-02-28,196255.447,188378.86,167,34,0,109,0
2013-03-01,223503.634,213886.851,191,25,0,105,0
2013-03-02,227578.972,217740.077,184,27,0,108,0
2013-03-03,217150.514,208074.999,157,45,0,86,0
2013-03-04,219181.251,209639.436,143,71,0,54,0
2013-03-05,223346.814,213371.134,158,65,0,86,0
2013-03-06,226415.572,216980.501,168,50,0,103,0
2013-03-07,229329.035,219755.179,156,49,0,86,0
2013-03-08,237627.533,227626.672,153,56,0,79,0
2013-03-09,231053.641,221268.536,166,49,0,100,0
2013-03-10,223684.133,214090.506,167,41,0,102,0
2013-03-11,253833.493,241444.876,179,37,0,89,0
2013-03-12,257694.24,245150.702,148,57,7,59,0
2013-03-13,255004.72,243036.137,147,56,32700,101,0
2013-03-14,266972.3,256040.02,162,50,0,97,0
2013-03-15,267217.031,256052.223,186,38,0,100,0
2013-03-16,266649.091,255416.313,197,35,0,97,0
2013-03-17,266953.406,256057.96,202,37,0,101,0
2013-03-18,277927.36,265989.407,168,49,6,58,0
2013-03-19,278059.694,265938.07300000003,157,53,0,64,0
2013-03-20,261937.229,247263.593,165,38,0,109,0
2013-03-21,278075.462,264311.652,167,39,0,97,0
2013-03-22,259225.87,247850.459,180,38,0,85,0
2013-03-23,271728.564,259540.641,167,44,32700,80,0
2013-03-24,252726.477,242017.301,178,41,0,113,0
2013-03-25,284634.499,271947.001,200,33,0,102,0
2013-03-26,288316.416,274451.903,169,49,2,36,0
2013-03-27,268946.251,258058.665,162,51,0,100,0
2013-03-28,269347.968,257102.002,195,31,0,108,0
2013-03-29,247259.365,235871.317,188,42,0,78,0
2013-03-30,238602.954,227053.872,202,36,0,98,0
2013-03-31,216699.004,207312.076,188,37,0,102,0
2013-04-01,243156.561,232567.96,183,39,32700,81,0
2013-04-02,236368.645,226571.455,183,42,0,110,1
2013-04-03,199266.62,191684.76100000003,199,32,0,111,0
2013-04-04,123459.855,119281.42,199,31,0,85,0
2013-04-05,184747.547,176629.10100000005,176,43,32700,57,0
2013-04-06,230010.94600000003,221343.869,134,57,32700,66,0
2013-04-07,248824.186,238955.018,156,52,0,96,0
2013-04-08,262821.726,252037.57,193,31,0,108,0
2013-04-09,276437.512,264729.734,205,32,0,106,0
2013-04-10,267976.294,257578.458,209,37,0,40,0
2013-04-11,262458.226,251605.675,169,71,79,20,0
2013-04-12,263827.571,254080.349,141,85,32,0,0
2013-04-13,260415.311,250138.834,176,68,32700,37,1
2013-04-14,246191.319,236887.704,199,47,32700,77,0
2013-04-15,260390.942,249739.591,187,61,0,59,0
2013-04-16,275978.265,264559.095,191,47,32700,46,0
2013-04-17,278834.894,267122.219,187,46,0,98,0
2013-04-18,285939.234,273806.55600000004,196,42,0,99,0
2013-04-19,284111.311,271698.591,207,36,0,118,0
2013-04-20,263327.723,265871.714,214,29,0,119,0
2013-04-21,203260.466,234094.363,227,31,0,104,0
2013-04-22,275140.368,276111.089,229,33,0,108,0
2013-04-23,271084.518,277595.505,220,36,32700,76,0
2013-04-24,269612.753,274293.88800000004,208,41,0,97,0
2013-04-25,272643.082,275820.885,212,37,0,63,0
2013-04-26,285610.313,274025.557,205,43,0,77,0
2013-04-27,280451.117,272777.304,223,38,0,93,0
2013-04-28,280744.51,265455.082,225,43,0,78,0
2013-04-29,226693.465,1083529.267,218,46,0,116,0
2013-04-30,195334.131,189783.338,211,54,11,46,1
2013-05-01,123352.433,114888.997,212,56,32700,72,0
2013-05-02,238059.773,227602.79100000003,202,61,3,57,1
2013-05-03,257180.691,246045.59,162,82,36,0,0
2013-05-04,258987.053,247047.995,161,81,32,56,0
2013-05-05,251576.851,237974.337,176,64,32700,92,0
2013-05-06,256641.96,242803.466,198,50,0,103,0
2013-05-07,271676.467,257653.075,189,55,0,53,0
2013-05-08,272458.074,259269.199,198,52,0,68,0
2013-05-09,284941.742,273516.302,194,55,2,70,0
2013-05-10,294438.37100000004,276025.579,166,75,38,2,0
2013-05-11,278677.363,264553.719,168,83,10,0,0
2013-05-12,258767.642,246831.084,194,67,0,68,0
2013-05-13,278495.098,265177.428,213,52,0,115,0
2013-05-14,283436.319,270154.744,223,42,0,74,0
2013-05-15,285183.392,272783.035,228,39,0,72,0
2013-05-16,296274.876,283227.924,239,43,0,90,0
2013-05-17,310051.808,296363.456,216,60,10,65,0
2013-05-18,300817.545,287302.252,220,48,0,74,0
2013-05-19,269991.444,258291.788,229,40,0,89,1
2013-05-20,313295.433,298512.847,238,41,32700,83,0
2013-05-21,319676.319,303886.355,208,66,164,77,0
2013-05-22,334455.9,317854.066,226,56,28,81,0
2013-05-23,318348.949,303390.858,198,74,285,20,0
2013-05-24,332042.59,315712.38800000004,215,65,32700,41,0
2013-05-25,297217.713,282450.577,193,83,90,0,0
2013-05-26,239727.337,224718.192,221,68,0,72,1
2013-05-27,313510.099,297985.235,243,54,0,115,0
2013-05-28,331621.115,314357.512,244,51,0,117,0
2013-05-29,336323.583,318803.51300000004,240,53,0,92,0
2013-05-30,330288.588,311908.672,241,52,0,109,2
2013-05-31,330574.753,313193.695,234,54,0,78,0
2013-06-01,316921.894,300915.204,247,47,0,103,0
2013-06-02,297577.29,283532.941,175,76,93,0,0
2013-06-03,320813.754,304089.142,187,77,0,34,0
2013-06-04,369050.518,349956.60299999994,214,70,0,52,0
2013-06-05,372454.776,352992.539,227,64,2,73,0
2013-06-06,376330.621,356448.606,232,61,0,89,0
2013-06-07,382310.734,361187.989,237,59,0,50,0
2013-06-08,378418.713,357451.08200000005,239,54,0,122,0
2013-06-09,370594.8870000001,348752.691,236,59,67,52,0
2013-06-10,352698.271,331667.07,162,81,390,0,1
2013-06-11,280092.675,260110.504,199,55,0,124,0
2013-06-12,177901.887,167910.02,202,46,0,126,0
2013-06-13,320311.688,301377.539,217,42,0,130,0
2013-06-14,345270.443,327984.679,232,42,0,128,1
2013-06-15,345403.158,328048.462,238,45,0,124,0
2013-06-16,322981.439,308313.647,252,43,0,125,0
2013-06-17,345400.035,329132.745,254,46,0,115,0
2013-06-18,367582.523,347780.761,255,53,0,93,0
2013-06-19,369379.9520000001,349174.625,254,56,32700,96,0
2013-06-20,377172.08700000006,356270.359,252,56,0,94,0
2013-06-21,384949.043,364177.003,208,83,238,28,0
2013-06-22,349157.304,330534.882,230,70,59,65,0
2013-06-23,328674.145,311325.437,234,70,32700,52,0
2013-06-24,372433.734,351808.55,221,76,79,36,0
2013-06-25,358394.665,339039.969,230,69,0,23,0
2013-06-26,357789.381,339124.79,239,58,0,110,1
2013-06-27,373246.045,351631.495,205,79,153,4,0
2013-06-28,382559.009,360747.549,205,79,293,25,0
2013-06-29,357072.652,337997.509,232,63,0,62,0
2013-06-30,319890.672,302993.316,228,66,0,53,0
2013-07-01,397220.079,375253.216,224,64,32700,20,2
2013-07-02,380338.459,361005.343,228,67,0,37,0
2013-07-03,390065.529,369496.874,227,66,0,11,0
2013-07-04,397587.094,376056.33200000005,212,73,32700,3,0
2013-07-05,394233.93,372213.739,206,76,34,1,0
2013-07-06,389283.122,366687.796,200,82,30,2,0
2013-07-07,368481.182,348188.439,208,75,11,9,1
2013-07-08,393439.766,372020.722,207,76,2,19,0
2013-07-09,402210.639,380702.664,197,81,46,12,0
2013-07-10,407481.724,385996.856,211,76,32700,11,0
2013-07-11,397327.35,376312.613,215,74,32700,12,0
2013-07-12,401501.493,380038.623,204,82,14,41,0
2013-07-13,398630.867,377480.831,211,75,0,40,0
2013-07-14,339804.422,322240.959,206,75,219,62,0
2013-07-15,376365.668,356359.677,218,72,2,90,0
2013-07-16,384330.7,363703.997,230,69,0,70,0
2013-07-17,383794.08,364274.691,226,67,0,43,1
2013-07-18,375733.915,355148.2379999999,219,70,0,3,0
2013-07-19,367173.052,348073.984,210,78,22,0,0
2013-07-20,371462.64200000005,352330.6160000001,210,81,32700,37,0
2013-07-21,350462.95700000005,333980.634,218,74,14,37,0
2013-07-22,362753.248,343058.11100000003,218,76,64,31,0
2013-07-23,360729.379,343024.362,213,74,32700,19,0
2013-07-24,366540.963,346827.81200000003,215,74,138,62,0
2013-07-25,364925.661,345894.48600000003,212,73,124,16,0
2013-07-26,348190.22,330216.389,198,82,4,22,0
2013-07-27,326196.595,309874.136,227,69,0,93,0
2013-07-28,312938.765,297411.179,216,78,15,29,0
2013-07-29,316461.656,300422.677,213,72,7,8,0
2013-07-30,330701.284,313430.607,208,77,121,22,0
2013-07-31,333023.536,315912.25800000003,203,79,32700,61,0
2013-08-01,317529.85,301659.389,210,72,16,27,0
2013-08-02,305309.359,289798.193,195,80,10,11,0
2013-08-03,304530.123,288840.855,189,85,111,37,0
2013-08-04,300740.949,286104.761,188,84,310,0,0
2013-08-05,318000.541,301788.98600000003,198,76,1,80,0
2013-08-06,338829.943,322094.665,220,66,0,111,0
2013-08-07,353169.156,333729.516,219,69,0,74,0
2013-08-08,355350.0460000001,337947.105,204,75,84,14,0
2013-08-09,359985.256,341405.385,199,74,1,43,0
2013-08-10,333997.696,316432.483,202,75,0,31,0
2013-08-11,294101.023,277043.489,191,85,362,25,0
2013-08-12,352572.223,337424.651,175,90,325,0,0
2013-08-13,351207.26200000005,336797.826,186,89,93,16,0
2013-08-14,269977.061,261521.449,196,83,32700,45,0
2013-08-15,260697.377,250724.16,205,79,102,75,0
2013-08-16,289927.989,277907.912,190,84,39,33,0
2013-08-17,283395.21,270596.68,199,76,35,52,0
2013-08-18,287877.114,274650.095,194,76,25,37,0
2013-08-19,308215.386,292464.749,203,75,63,57,0
2013-08-20,291624.857,276312.69,202,74,0,46,0
2013-08-21,306420.006,290280.299,210,74,10,39,0
2013-08-22,301873.454,285650.894,209,77,56,40,0
2013-08-23,326494.203,308860.662,225,69,0,73,0
2013-08-24,331437.02,312671.935,227,60,0,92,0
2013-08-25,331908.76300000004,314944.219,197,81,215,0,0
2013-08-26,339887.554,320285.906,193,82,172,20,0
2013-08-27,358596.749,339514.256,204,79,82,70,0
2013-08-28,361467.11,341703.27,225,68,0,77,0
2013-08-29,361377.796,341179.13,217,71,32700,35,0
2013-08-30,337219.195,334948.471,190,79,510,0,0
2013-08-31,343112.677,324145.515,191,76,32700,0,0
2013-09-01,307135.304,291117.44800000003,199,79,12,25,1
2013-09-02,329428.49,311916.311,206,77,3,8,0
2013-09-03,333323.983,315326.548,201,82,3,0,0
2013-09-04,353185.875,330710.945,208,77,32700,8,0
2013-09-05,348360.157,327905.916,169,85,30,0,0
2013-09-06,345698.894,325986.918,153,84,16,0,0
2013-09-07,373512.895,349937.744,168,84,32700,0,0
2013-09-08,368798.89200000005,346096.109,182,82,5,0,1
2013-09-09,381440.89200000005,357492.297,186,79,0,3,0
2013-09-10,406083.83700000006,379999.908,194,75,0,34,0
2013-09-11,421853.784,393854.881,209,71,0,47,0
2013-09-12,438363.361,409216.273,189,77,0,38,0
2013-09-13,426293.346,397526.977,196,73,5,60,0
2013-09-14,424129.935,395926.335,200,68,0,68,0
2013-09-15,394827.531,369214.236,181,75,0,0,0
2013-09-16,426659.526,397790.714,197,75,0,71,0
2013-09-17,437098.951,407990.967,208,71,0,54,0
2013-09-18,429140.516,401086.769,213,70,0,68,0
2013-09-19,295969.154,276525.893,216,69,0,43,0
2013-09-20,319810.814,298161.173,193,69,81,51,0
2013-09-21,376330.064,354290.995,192,68,0,62,0
2013-09-22,339276.156,321686.434,200,68,0,78,0
2013-09-23,344171.737,323284.064,210,68,0,48,0
2013-09-24,393295.403,366811.405,216,60,0,89,0
2013-09-25,407311.413,381372.629,211,55,0,56,0
2013-09-26,406710.658,381770.8,175,71,0,0,2
2013-09-27,405854.867,380970.381,167,85,69,0,0
2013-09-28,393687.489,369625.474,186,66,33,91,0
2013-09-29,347333.825,326134.128,180,57,0,95,0
2013-09-30,363968.548,342049.79799999995,166,51,0,103,0
2013-10-01,266881.093,250073.448,164,65,0,26,0
2013-10-02,226621.452,211110.051,165,87,59,0,0
2013-10-03,256272.222,240606.961,183,79,0,5,0
2013-10-04,315705.13800000004,294109.55600000004,189,76,7,50,0
2013-10-05,340045.756,319631.242,185,79,27,18,0
2013-10-06,364362.562,342849.8970000001,148,89,113,0,0
2013-10-07,417725.738,393190.977,165,73,0,25,0
2013-10-08,430762.004,404861.089,174,60,0,21,1
2013-10-09,441516.53,415312.58,173,60,0,77,0
2013-10-10,442034.789,415665.276,168,59,0,110,0
2013-10-11,468998.121,438555.27,167,60,0,103,1
2013-10-12,468998.121,438555.27,164,65,0,102,0
2013-10-13,439044.288,408417.983,165,68,0,84,0
2013-10-14,465936.676,434371.775,175,73,0,56,0
2013-10-15,456064.74,425426.173,174,67,0,53,0
2013-10-16,451390.867,421408.237,165,74,0,3,0
2013-10-17,450094.81,420423.578,167,77,0,1,0
2013-10-18,448546.88,417939.063,174,77,0,31,0
2013-10-19,436452.736,407973.472,161,86,32,0,2
2013-10-20,410012.413,384578.372,139,92,98,0,0
2013-10-21,428564.879,400297.953,163,82,7,21,2
2013-10-22,444066.183,413342.223,158,83,3,5,0
2013-10-23,458278.165,427287.102,122,90,122,0,0
2013-10-24,424485.936,397603.677,133,75,0,68,0
2013-10-25,451053.205,420432.91,122,75,0,76,0
2013-10-26,448326.298,417692.437,126,77,32700,0,0
2013-10-27,437709.466,407659.845,126,84,5,0,0
2013-10-28,437091.28,406313.634,131,86,49,0,0
2013-10-29,440587.684,410343.843,145,81,23,55,0
2013-10-30,440113.662,409318.735,151,68,0,103,0
2013-10-31,435847.662,405121.001,144,69,0,99,0
2013-11-01,439460.198,408456.02,139,62,0,107,0
2013-11-02,413395.051,385882.483,136,64,0,104,1
2013-11-03,398884.333,372384.843,138,68,0,104,0
2013-11-04,404156.186,380757.544,141,72,0,88,0
2013-11-05,436947.7,407924.006,141,71,0,100,0
2013-11-06,436778.583,407236.76,135,71,0,68,0
2013-11-07,435954.882,406405.037,132,75,0,91,0
2013-11-08,428788.195,399359.391,144,69,0,103,0
2013-11-09,426633.315,397729.186,143,71,0,103,0
2013-11-10,414457.87,385731.94,145,72,0,75,0
2013-11-11,398616.26700000005,368434.946,153,70,0,79,0
2013-11-12,401388.83200000005,373644.322,160,70,0,98,0
2013-11-13,392502.39200000005,366153.015,161,56,0,94,0
2013-11-14,399045.63,372288.496,152,58,0,97,0
2013-11-15,410816.48,382849.867,152,74,0,60,0
2013-11-16,414023.0,386159.644,161,74,0,70,0
2013-11-17,406081.527,378057.166,154,77,0,68,0
2013-11-18,408585.409,381202.161,156,71,0,62,0
2013-11-19,424944.891,396841.203,145,78,0,36,0
2013-11-20,429790.825,401269.114,136,69,0,90,0
2013-11-21,427168.209,398094.993,131,62,0,86,0
2013-11-22,430176.468,401131.197,110,56,0,96,0
2013-11-23,418822.626,391209.121,122,51,0,101,0
2013-11-24,403763.067,376502.787,115,58,0,97,0
2013-11-25,369185.58,347157.88200000004,113,68,0,97,0
2013-11-26,386048.671,359537.48,131,66,0,69,0
2013-11-27,319512.838,303298.142,137,62,0,77,0
2013-11-28,310732.797,289226.365,98,75,0,1,0
2013-11-29,348084.593,345640.161,89,86,32700,16,0
2013-11-30,349536.255,327897.789,117,75,0,69,0
2013-12-01,336529.749,315271.55600000004,102,82,12,0,0
2013-12-02,348796.599,327155.372,101,81,6,30,0
2013-12-03,365043.005,341775.856,96,86,0,43,0
2013-12-04,370597.5770000001,341454.134,102,80,0,57,0
2013-12-05,354017.708,324773.659,108,75,0,67,0
2013-12-06,347569.102,325420.064,113,73,0,59,0
2013-12-07,339468.398,318569.523,106,75,0,57,0
2013-12-08,324052.657,304492.988,120,62,0,91,0
2013-12-09,340227.56200000003,319621.389,105,72,0,70,0
2013-12-10,308185.384,289481.356,113,71,0,31,0
2013-12-11,288835.316,270886.229,109,60,0,40,0
2013-12-12,274023.637,257329.337,100,56,0,93,0
2013-12-13,258176.392,242407.008,100,66,0,76,0
2013-12-14,253266.44600000003,235244.662,96,77,32700,39,2
2013-12-15,241467.096,222621.992,60,87,51,0,0
2013-12-16,254235.749,235887.605,15,80,50,0,0
2013-12-17,258514.306,241410.444,21,81,0,59,0
2013-12-18,258272.579,241491.713,26,76,0,52,0
2013-12-19,259115.896,239403.176,26,76,0,57,0
2013-12-20,240722.681,227728.238,39,74,0,69,0
2013-12-21,223711.594,213559.275,54,76,0,46,1
2013-12-22,206783.778,198960.135,69,73,0,82,0
2013-12-23,211487.498,202632.46,71,74,0,81,0
2013-12-24,205035.081,197403.10600000003,75,76,0,62,0
2013-12-25,208069.044,198906.532,88,73,0,63,0
2013-12-26,202833.98100000003,194174.935,77,77,0,38,2
2013-12-27,200263.038,191360.597,88,75,0,44,0
2013-12-28,199721.922,191037.135,94,76,0,76,0
2013-12-29,184468.61,176309.945,102,67,0,88,0
2013-12-30,203510.493,194640.073,93,67,0,92,0
2013-12-31,209110.551,200369.051,97,59,0,92,0
2014-01-01,143999.241,138562.55800000002,91,57,0,91,1
2014-01-02,184919.076,178254.832,112,51,0,96,0
2014-01-03,240319.82,230715.19600000003,101,50,0,96,2
2014-01-04,240868.773,231638.888,79,65,0,92,0
2014-01-05,231793.364,223117.503,96,64,0,97,0
2014-01-06,237319.134,228068.398,111,51,0,97,2
2014-01-07,249975.624,239838.827,111,45,0,96,0
2014-01-08,251639.717,241853.926,92,55,0,94,0
2014-01-09,252684.242,243568.577,95,63,0,94,0
2014-01-10,244491.1,234965.023,109,55,0,96,0
2014-01-11,244491.1,234965.023,109,44,0,98,0
2014-01-12,244491.1,234965.023,94,56,32700,71,0
2014-01-13,244491.1,234965.023,71,72,0,48,0
2014-01-14,237683900.695,284768292.889,68,75,0,42,0
2014-01-15,241395.272,222659.569,95,75,0,81,2
2014-01-16,241395.272,222659.569,100,67,0,99,0
2014-01-17,87119587.745,48187296.965,91,64,0,92,3
2014-01-18,241357.103,220227.75,71,84,32700,0,0
2014-01-19,230133.163,209865.304,79,77,0,78,0
2014-01-20,230530.787,208896.194,41,87,28,0,0
2014-01-21,229594.551,208545.402,39,80,0,64,0
2014-01-22,222810.096,214654.352,66,75,0,72,0
2014-01-23,214215.88,207078.229,92,69,0,89,0
2014-01-24,214215.88,207078.229,126,51,0,100,0
2014-01-25,198348.778,192056.611,125,54,0,100,1
2014-01-26,189681.135,181392.962,124,62,0,98,1
2014-01-27,174697.954,166259.387,123,60,0,100,0
2014-01-28,145438.082,141912.929,124,47,0,97,0
2014-01-29,97992.61,93977.739,118,43,0,99,0
2014-01-30,83276.214,78662.462,113,56,0,100,0
2014-01-31,83276.214,78662.462,124,48,0,100,0
2014-02-01,83276.214,78662.462,134,33,0,103,0
2014-02-02,83276.214,78662.462,129,31,0,103,0
2014-02-03,83276.214,78662.462,121,38,0,102,0
2014-02-04,83276.214,78662.462,117,45,0,104,0
2014-02-05,83276.214,78662.462,138,36,0,105,0
2014-02-06,83276.214,78662.462,146,36,0,103,0
2014-02-07,176697.74899999995,165544.22199999998,139,34,0,103,0
2014-02-08,187270.767,177423.62399999995,136,41,0,92,0
2014-02-09,197490.025,186732.631,140,37,0,90,0
2014-02-10,209522.719,198681.412,135,38,0,40,0
2014-02-11,225484.199,213528.872,126,42,0,86,0
2014-02-12,217238.984,204735.896,148,33,0,75,1
2014-02-13,218773.225,206455.797,140,35,0,85,0
2014-02-14,229450.889,216873.873,128,44,0,103,1
2014-02-15,218885.38,206589.373,148,39,0,93,0
2014-02-16,198398.771,185422.619,166,38,0,61,0
2014-02-17,204678.09,197544.117,144,58,7,0,1
2014-02-18,213244.527,206025.424,117,72,93,75,1
2014-02-19,229797.417,215827.726,74,66,6,74,3
2014-02-20,226863.267,212131.756,93,69,0,89,0
2014-02-21,221925.396,210148.641,128,56,0,98,0
2014-02-22,208371.907,195275.247,146,39,0,99,0
2014-02-23,198818.873,180480.783,154,45,0,102,0
2014-02-24,202418.852,192641.557,173,39,0,83,0
2014-02-25,222058.379,206070.246,159,40,0,99,0
2014-02-26,220742.841,205573.005,147,42,0,100,0
2014-02-27,233185.691,215740.288,163,33,0,97,0
2014-02-28,207042.809,196138.598,167,38,0,101,0
2014-03-01,213632.547,202044.088,173,36,0,102,0
2014-03-02,198995.19,188173.569,171,36,0,85,0
2014-03-03,223530.843,210758.893,180,31,0,103,0
2014-03-04,235860.205,223764.876,173,36,0,106,0
2014-03-05,242881.953,228785.521,169,44,0,61,0
2014-03-06,241510.954,227169.016,159,49,32700,68,0
2014-03-07,245603.602,230035.265,152,46,0,94,0
2014-03-08,237714.819,221879.292,158,39,0,96,0
2014-03-09,219335.165,206234.67,156,34,0,99,0
2014-03-10,240050.012,227759.742,168,31,0,87,0
2014-03-11,248849.555,236233.222,154,43,0,18,0
2014-03-12,253933.592,240323.985,162,40,0,103,0
2014-03-13,252612.35600000003,239712.048,179,31,0,99,0
2014-03-14,250090.974,237363.849,160,39,0,25,0
2014-03-15,233589.921,222214.17,167,37,0,89,0
2014-03-16,221691.768,210438.689,189,29,0,99,0
2014-03-17,238680.736,225509.003,180,31,0,103,0
2014-03-18,247338.82,236791.572,203,28,0,92,0
2014-03-19,228281.884,216597.405,196,31,0,100,0
2014-03-20,218238.036,208419.675,156,44,32700,66,0
2014-03-21,219677.869,210301.368,145,51,32700,68,0
2014-03-22,221961.491,213014.052,128,63,14,43,1
2014-03-23,208257.59,199782.816,138,71,32700,71,0
2014-03-24,233984.862,223260.866,131,69,31,61,0
2014-03-25,243643.67,234397.147,155,48,0,100,0
2014-03-26,240436.68,230509.741,162,46,0,63,0
2014-03-27,246459.533,235233.754,171,47,0,89,0
2014-03-28,237111.47,226909.172,188,44,0,93,2
2014-03-29,212513.088,202984.638,186,47,0,48,0
2014-03-30,193436.589,184168.29,215,32,0,93,1
2014-03-31,201277.755,190384.832,205,31,0,69,0
2014-04-01,257238.195,244896.404,193,38,32700,30,0
2014-04-02,257015.2,246237.412,158,55,27,88,0
2014-04-03,266987.315,251724.852,175,37,0,81,1
2014-04-04,276452.019,264102.894,172,39,0,57,0
2014-04-05,178774.205,170701.326,143,65,43,13,0
2014-04-06,218265.339,207916.14,160,59,0,102,1
2014-04-07,266228.918,255387.594,183,49,0,86,0
2014-04-08,307693.389,291837.352,190,49,32700,44,1
2014-04-09,330773.318,314677.27,191,52,32700,78,0
2014-04-10,339767.164,321522.36,204,44,0,111,0
2014-04-11,340626.683,324572.044,214,37,0,113,1
2014-04-12,346345.965,329159.69800000003,215,32,0,112,0
2014-04-13,324273.216,306977.2,216,25,0,104,0
2014-04-14,356210.641,338145.89,208,29,0,107,1
2014-04-15,389599.464,369062.26,219,26,0,107,0
2014-04-16,388638.8270000001,369731.756,220,27,0,100,0
2014-04-17,398544.315,376896.706,216,27,0,116,0
2014-04-18,391291.176,370707.094,227,29,0,110,2
2014-04-19,390743.053,370253.448,236,28,0,117,2
2014-04-20,371359.961,353060.222,236,30,0,117,0
2014-04-21,386678.774,367174.134,247,28,0,111,0
2014-04-22,382188.568,363827.876,238,31,0,115,0
2014-04-23,391000.504,371868.58200000005,246,27,0,110,0
2014-04-24,399270.37,378293.132,242,23,0,108,0
2014-04-25,385955.169,363523.11,235,23,0,104,0
2014-04-26,376272.673,354134.938,233,30,0,97,1
2014-04-27,365221.52200000006,347007.768,223,32,0,104,0
2014-04-28,382195.988,363867.854,219,40,0,80,0
2014-04-29,388647.427,367127.83700000006,208,45,0,71,1
2014-04-30,369255.039,348732.662,199,50,32700,94,0
2014-05-01,184429.335,175448.081,220,48,0,100,0
2014-05-02,230197.539,220426.266,216,52,0,82,0
2014-05-03,308323.438,296432.086,194,64,32700,59,0
2014-05-04,400432.296,379710.881,177,65,32,51,0
2014-05-05,429580.757,406794.348,141,80,95,0,0
2014-05-06,426055.343,405464.68,173,71,0,44,0
2014-05-07,418819.98,397357.238,189,57,0,57,0
2014-05-08,417372.662,395723.261,191,51,0,61,1
2014-05-09,429464.459,411884.922,193,57,0,40,0
2014-05-10,421999.616,396770.08700000006,213,53,0,44,0
2014-05-11,400678.183,379793.458,218,49,0,80,0
2014-05-12,419799.432,400110.467,217,51,0,63,0
2014-05-13,444835.947,419816.52,230,45,0,125,1
2014-05-14,461822.974,436531.488,238,42,0,119,0
2014-05-15,484503.005,457776.597,244,38,0,111,0
2014-05-16,476775.479,450075.088,235,38,0,107,0
2014-05-17,460628.243,434277.956,240,34,0,128,0
2014-05-18,414836.573,391905.384,244,34,0,125,1
2014-05-19,464322.761,437491.453,249,37,0,94,0
2014-05-20,475355.809,447255.574,250,37,0,109,0
2014-05-21,469458.833,442144.27,252,40,0,120,1
2014-05-22,440118.123,413280.976,246,41,0,117,0
2014-05-23,426186.705,396744.585,252,36,0,125,0
2014-05-24,414222.095,388061.431,259,39,0,113,1
2014-05-25,403036.686,376539.139,264,42,0,114,1
2014-05-26,439298.629,409653.96200000006,263,43,0,115,0
2014-05-27,472111.909,444254.885,251,50,32700,69,0
2014-05-28,486216.169,460378.253,246,58,9,87,0
2014-05-29,499803.741,470853.67,265,42,0,116,1
2014-05-30,501020.691,470683.402,270,40,0,105,1
2014-05-31,466208.958,434026.175,262,42,0,113,0
2014-06-01,342525.231,324331.331,264,43,0,108,0
2014-06-02,236437.203,224867.751,267,44,0,113,1
2014-06-03,406556.158,384007.336,275,41,0,122,0
2014-06-04,478408.421,450403.188,274,39,0,107,0
2014-06-05,487883.682,459294.83200000005,267,45,0,47,0
2014-06-06,481522.448,456093.05,241,58,32700,33,1
2014-06-07,462875.185,437111.323,190,85,162,0,0
2014-06-08,403252.16,381291.01,211,82,270,36,0
2014-06-09,437086.251,409876.068,238,65,2,63,0
2014-06-10,491309.268,461328.987,233,63,6,41,0
2014-06-11,508128.686,479438.681,193,83,337,0,1
2014-06-12,499073.807,470423.023,215,71,2,0,0
2014-06-13,502671.685,474302.622,209,74,4,4,0
2014-06-14,480667.704,452695.662,217,75,52,59,0
2014-06-15,450090.925,423577.806,230,68,2,61,1
2014-06-16,472857.885,444804.225,203,82,17,28,3
2014-06-17,525061.1410000001,493325.606,185,79,170,0,0
2014-06-18,500498.269,470867.833,209,79,60,45,0
2014-06-19,548125.233,515630.585,214,79,48,42,0
2014-06-20,547418.329,515112.347,226,67,2,22,0
2014-06-21,461009.273,435147.894,234,64,4,30,0
2014-06-22,419695.719,397430.03,235,64,0,24,1
2014-06-23,516756.956,486915.594,244,61,1,58,0
2014-06-24,521490.914,490987.39200000005,242,65,1,92,0
2014-06-25,543315.44,509639.915,230,70,0,53,0
2014-06-26,534929.295,503829.225,240,64,2,69,1
2014-06-27,523164.98,493454.575,245,60,8,43,0
2014-06-28,477938.404,452227.719,224,73,289,0,0
2014-06-29,463784.049,437209.669,196,90,67,0,1
2014-06-30,524740.889,492456.905,210,81,14,20,0
2014-07-01,554757.8589999999,516920.494,217,77,19,52,0
2014-07-02,583576.25,547159.931,210,86,424,0,2
2014-07-03,581484.045,544238.801,224,74,7,29,0
2014-07-04,585985.741,549461.265,219,75,2,31,6
2014-07-05,532388.04,496383.641,237,72,32700,43,0
2014-07-06,518949.574,485604.73,239,73,0,22,0
2014-07-07,576315.753,534632.2239999999,228,77,2,24,0
2014-07-08,616402.8929999999,573216.444,235,74,2,52,0
2014-07-09,615707.31,573717.424,244,65,2,109,0
2014-07-10,625668.053,582120.1329999999,248,62,0,91,0
2014-07-11,631574.416,589733.255,219,78,119,13,0
2014-07-12,619807.621,579166.1529999999,208,87,394,0,1
2014-07-13,572468.764,535314.195,204,82,30,18,0
2014-07-14,614377.075,574486.044,202,87,117,0,0
2014-07-15,639852.705,597221.7320000001,206,82,84,0,0
2014-07-16,637217.838,595669.882,210,84,15,18,0
2014-07-17,599615.7779999999,560662.962,216,80,32700,33,1
2014-07-18,548558.045,515072.325,220,75,8,44,0
2014-07-19,529426.731,496518.868,221,77,130,65,0
2014-07-20,546091.132,513099.263,202,86,294,0,0
2014-07-21,612295.589,573836.506,195,84,44,9,0
2014-07-22,656418.436,614542.921,183,90,198,13,1
2014-07-23,675219.062,631839.69,193,83,10,19,1
2014-07-24,687278.7840000001,643508.145,205,74,0,89,0
2014-07-25,683461.99,638632.568,220,73,1,65,0
2014-07-26,638621.303,596776.5179999999,218,77,1,57,0
2014-07-27,624294.178,583263.806,215,73,1,83,0
2014-07-28,632596.719,590556.963,204,79,89,35,0
2014-07-29,662206.833,620018.53,195,89,134,43,0
2014-07-30,659578.493,617478.424,216,78,0,89,1
2014-07-31,662016.716,620302.175,226,76,0,73,0
2014-08-01,669031.695,627202.1410000001,202,88,61,7,0
2014-08-02,636665.716,596953.287,194,90,179,1,0
2014-08-03,620169.739,581193.569,211,82,147,23,0
2014-08-04,637339.593,594640.995,215,79,0,77,1
2014-08-05,691225.743,646620.777,202,87,158,23,3
2014-08-06,693328.551,648330.0179999999,209,84,4,55,0
2014-08-07,700609.96,654820.41,223,77,67,72,0
2014-08-08,699102.7359999999,654032.726,233,74,0,106,0
2014-08-09,685771.1259999999,641694.191,231,71,0,53,1
2014-08-10,664404.1529999999,622426.3570000001,227,70,0,18,0
2014-08-11,690357.3470000001,647022.92,229,68,0,56,0
2014-08-12,700099.309,654945.932,211,79,25,0,0
2014-08-13,696230.9809999999,651984.785,183,82,244,14,0
2014-08-14,660539.2370000001,618453.806,199,71,0,23,0
2014-08-15,662083.8470000001,620250.596,192,77,0,0,1
2014-08-16,655232.051,613897.344,208,78,0,47,0
2014-08-17,648317.385,607849.7679999999,218,75,0,42,0
2014-08-18,685829.3670000001,641334.8420000001,203,80,125,0,0
2014-08-19,706086.704,659341.13,189,91,259,0,0
2014-08-20,708903.3570000002,663033.3620000001,201,77,0,43,0
2014-08-21,700425.76,657804.971,197,75,0,53,0
2014-08-22,701144.5490000001,656213.33,210,76,0,35,0
2014-08-23,699288.4709999999,654036.8910000001,213,76,32700,19,0
2014-08-24,661794.384,619779.677,190,83,0,0,0
2014-08-25,644143.64,602721.877,185,84,117,0,0
2014-08-26,633107.274,588741.22,194,87,111,13,0
2014-08-27,621135.338,580507.096,207,74,1,47,0
2014-08-28,648140.578,605953.406,208,75,81,64,0
2014-08-29,633354.556,592939.33,197,78,77,11,0
2014-08-30,602108.8670000001,564740.428,196,80,32700,15,0
2014-08-31,576791.463,543339.067,212,72,0,67,0
2014-09-01,597363.562,560606.216,215,72,0,81,0
2014-09-02,601215.937,565360.214,213,74,0,83,0
2014-09-03,600736.914,565186.564,210,78,160,49,0
2014-09-04,602684.1039999999,566295.431,212,75,0,70,0
2014-09-05,601544.3960000001,565497.429,215,77,6,42,3
2014-09-06,591391.841,551825.161,213,79,0,35,0
2014-09-07,549966.225,513126.013,217,72,32700,82,0
2014-09-08,462343.70700000005,434035.478,215,70,0,83,1
2014-09-09,554567.123,518934.446,212,75,35,79,1
2014-09-10,641823.605,603410.784,198,83,184,29,0
2014-09-11,644749.1070000001,605584.455,210,76,0,59,0
2014-09-12,642789.9920000001,604201.514,219,67,0,105,1
2014-09-13,633242.12,594832.289,211,71,0,82,1
2014-09-14,615237.756,578814.772,214,72,32700,63,0
2014-09-15,632667.473,594902.3420000001,226,69,0,96,0
2014-09-16,542396.374,512068.921,213,75,88,68,0
2014-09-17,564994.593,530561.693,178,90,129,0,0
2014-09-18,630830.624,591761.325,175,93,401,0,0
2014-09-19,649631.128,605023.877,197,84,33,29,0
2014-09-20,648347.038,609434.046,193,87,37,0,0
2014-09-21,637194.5920000001,598711.007,197,86,20,0,0
2014-09-22,653813.581,613675.255,180,90,165,0,0
2014-09-23,679120.57,637377.622,196,81,0,25,1
2014-09-24,696535.233,653296.1020000001,170,91,189,0,1
2014-09-25,700874.179,657556.065,171,88,50,11,2
2014-09-26,697150.588,653575.878,187,85,31,29,0
2014-09-27,663598.6479999999,623833.744,198,78,0,42,2
2014-09-28,656541.315,619419.6379999999,205,68,0,105,0
2014-09-29,685724.285,647064.7170000001,201,72,0,77,0
2014-09-30,669272.214,633025.639,192,79,34,57,0
2014-10-01,472728.555,446896.788,198,72,0,86,0
2014-10-02,457469.652,429582.029,180,79,99,37,0
2014-10-03,526629.27,496979.008,192,74,1,88,2
2014-10-04,587158.938,553875.96,186,74,0,53,0
2014-10-05,604966.639,570186.527,179,66,0,76,0
2014-10-06,618743.175,583601.71,159,65,0,71,0
2014-10-07,616243.18,580324.672,157,67,0,97,0
2014-10-08,639381.434,601353.039,166,69,0,96,0
2014-10-09,623755.226,587655.522,175,73,0,94,0
2014-10-10,613258.728,580797.678,186,73,0,78,0
2014-10-11,621675.0279999999,590208.539,190,74,8,59,2
2014-10-12,595733.356,566746.577,189,78,0,53,0
2014-10-13,598646.055,567502.702,156,89,10,0,0
2014-10-14,610386.469,576177.209,159,85,0,10,0
2014-10-15,603829.666,569267.135,176,80,0,44,0
2014-10-16,602399.172,567728.4920000001,185,79,0,66,1
2014-10-17,594262.743,563260.699,188,75,0,78,1
2014-10-18,596236.558,561528.185,187,73,0,68,1
2014-10-19,572362.409,537762.624,169,82,22,14,0
2014-10-20,589457.59,558901.239,178,66,6,94,0
2014-10-21,604693.466,573472.3879999999,161,67,0,106,0
2014-10-22,602811.7760000001,571906.426,161,71,0,99,0
2014-10-23,600857.435,569047.561,173,69,0,69,0
2014-10-24,596021.233,565826.654,168,67,0,92,0
2014-10-25,570553.061,540756.672,159,66,0,88,0
2014-10-26,542606.687,514910.441,158,67,0,90,0
2014-10-27,538322.265,512342.292,155,76,0,34,0
2014-10-28,567953.9,539207.18,153,83,36,0,0
2014-10-29,553009.038,525276.34,133,90,71,14,1
2014-10-30,552917.9820000001,524825.553,147,80,0,60,0
2014-10-31,538123.61,511763.9,166,79,32700,15,1
2014-11-01,515628.628,490383.62,176,70,0,89,0
2014-11-02,451644.964,430815.896,156,69,0,90,0
2014-11-03,469736.011,448178.084,169,71,0,64,2
2014-11-04,464824.33,443341.489,166,74,0,31,1
2014-11-05,461266.118,439173.252,154,76,0,11,1
2014-11-06,460674.489,437614.737,140,85,8,0,1
2014-11-07,465834.201,441345.231,156,79,269,76,1
2014-11-08,461269.801,440364.839,152,75,0,86,0
2014-11-09,441169.094,418145.104,147,66,0,85,0
2014-11-10,446897.55,427471.703,142,70,0,102,0
2014-11-11,457027.047,426220.7,140,74,0,81,0
2014-11-12,461204.361,432711.54,147,73,0,98,0
2014-11-13,461322.894,438027.907,145,73,0,101,2
2014-11-14,462923.092,439514.223,147,70,0,96,0
2014-11-15,458444.442,433266.656,142,60,0,93,0
2014-11-16,418610.406,396076.713,147,74,0,38,0
2014-11-17,455148.339,434765.506,150,76,12,37,1
2014-11-18,413279.524,395163.453,154,73,0,79,2
2014-11-19,407399.053,389062.852,141,75,0,92,0
2014-11-20,411125.115,392279.728,139,72,0,81,1
2014-11-21,415479.534,396110.15,124,67,0,93,0
2014-11-22,408671.183,389746.344,139,61,0,90,0
2014-11-23,366604.363,351162.304,129,64,0,99,0
2014-11-24,401278.973,382186.735,128,58,0,100,0
2014-11-25,406840.403,387717.257,120,60,0,99,0
2014-11-26,406425.441,387495.746,116,63,0,99,0
2014-11-27,401783.992,381326.603,123,57,0,103,0
2014-11-28,400315.138,381818.39,115,61,0,99,2
2014-11-29,393835.105,376191.226,122,56,0,100,0
2014-11-30,368725.124,352530.779,114,60,0,89,0
2014-12-01,383366.846,366282.676,112,68,0,91,5
2014-12-02,391681.661,373909.344,113,67,0,96,0
2014-12-03,397375.798,378027.601,113,69,0,84,1
2014-12-04,408000.878,388369.02200000006,115,77,0,47,1
2014-12-05,410069.447,393121.614,133,75,0,91,2
2014-12-06,412102.45,392404.811,142,59,0,93,0
2014-12-07,366845.219,350951.053,102,69,0,51,1
2014-12-08,398941.603,381786.439,118,71,0,49,0
2014-12-09,404144.869,386392.167,123,68,0,98,0
2014-12-10,396165.83700000006,378946.528,120,69,0,94,2
2014-12-11,396550.528,379284.724,129,65,0,92,1
2014-12-12,393440.831,377177.363,110,72,0,87,1
2014-12-13,390190.119,372705.061,114,74,0,77,1
2014-12-14,355976.2360000001,341219.564,120,67,0,97,2
2014-12-15,386827.623,371277.218,144,57,0,96,0
2014-12-16,383256.192,366968.992,80,77,0,0,1
2014-12-17,379585.422,362818.074,37,92,20,0,1
2014-12-18,365360.349,347641.81,46,91,78,0,0
2014-12-19,358468.968,341449.539,78,74,0,43,0
2014-12-20,346022.81,329927.803,67,77,0,63,0
2014-12-21,349140.04799999995,333783.834,59,75,0,0,0
2014-12-22,370652.956,354697.691,72,74,0,62,1
2014-12-23,375841.13,359930.57,84,69,0,89,0
2014-12-24,375450.904,357131.73,93,67,0,92,0
2014-12-25,368207.982,352298.96,100,68,0,73,0
2014-12-26,321485.25800000003,308068.208,105,70,0,89,0
2014-12-27,303627.087,289184.989,97,69,0,88,0
2014-12-28,303130.006,289367.859,83,71,0,0,0
2014-12-29,304361.334,289346.088,90,73,0,69,0
2014-12-30,350488.355,332246.424,109,66,0,66,0
2014-12-31,279391.846,267898.831,120,67,0,28,0
2015-01-01,195886.158,188874.383,104,82,0,0,2
2015-01-02,254359.86,245108.197,116,76,0,79,0
2015-01-03,309543.848,298365.603,138,69,0,90,0
2015-01-04,310171.728,298348.75,147,63,0,91,0
2015-01-05,298457.646,286413.82,149,61,32700,8,0
2015-01-06,306146.816,290357.95,124,59,0,74,1
2015-01-07,304970.909,291620.571,115,66,0,81,0
2015-01-08,304216.911,290705.096,108,75,19,43,0
2015-01-09,292113.379,277537.012,43,94,839,0,1
2015-01-10,294900.748,280470.721,16,95,117,0,0
2015-01-11,269575.834,257146.706,50,79,1,8,0
2015-01-12,283742.652,270722.489,52,77,0,72,0
2015-01-13,299328.378,286439.447,53,81,0,60,0
2015-01-14,300762.328,288418.414,65,76,0,63,2
2015-01-15,298017.852,285180.168,86,71,0,94,1
2015-01-16,290551.18100000004,278330.048,95,73,0,51,0
2015-01-17,286540.58,273830.483,87,88,32700,0,0
2015-01-18,259683.102,248552.513,73,93,265,0,6
2015-01-19,282867.57,271115.42,36,94,165,0,0
2015-01-20,288115.265,277315.918,83,78,0,66,4
2015-01-21,289052.222,277599.718,84,71,0,71,0
2015-01-22,281565.316,269691.205,91,68,0,74,1
2015-01-23,279443.096,268015.766,115,51,0,97,0
2015-01-24,264813.215,253686.241,122,46,0,98,1
2015-01-25,247793.66,237484.151,111,54,0,98,0
2015-01-26,265038.235,253818.168,109,56,0,98,2
2015-01-27,277142.307,266025.218,119,52,0,97,3
2015-01-28,279027.552,267237.287,139,42,0,101,5
2015-01-29,275848.113,264579.974,134,44,0,99,0
2015-01-30,276434.439,265772.015,121,55,0,91,2
2015-01-31,267318.941,256302.444,133,56,0,53,0
2015-02-01,248975.399,238349.751,94,77,9,43,3
2015-02-02,279850.841,267944.73600000003,106,70,11,71,0
2015-02-03,267445.053,255356.242,109,54,0,95,2
2015-02-04,277196.199,264840.863,108,57,0,95,1
2015-02-05,291983.898,280303.576,115,51,0,96,0
2015-02-06,290833.999,278840.643,109,55,0,96,0
2015-02-07,293432.591,279936.473,113,42,0,78,1
2015-02-08,260057.016,247090.979,94,69,0,56,0
2015-02-09,286580.685,270874.372,113,57,0,98,1
2015-02-10,293272.177,277424.668,127,47,0,101,0
2015-02-11,261779.415,248053.651,124,52,0,78,0
2015-02-12,227093.382,218182.925,112,65,0,95,1
2015-02-13,213999.493,205807.711,108,72,30,84,0
2015-02-14,192748.525,184070.021,105,57,1,90,1
2015-02-15,177438.21,169373.14,108,55,0,106,0
2015-02-16,153518.113,146721.739,101,59,0,67,0
2015-02-17,139338.186,134071.83,105,58,0,104,0
2015-02-18,105193.532,101259.207,110,54,0,99,0
2015-02-19,89443.891,85821.054,125,50,0,92,0
2015-02-20,87630.42,83848.493,128,48,0,81,0
2015-02-21,95083.655,90627.667,123,49,0,103,0
2015-02-22,107401.991,103805.79,146,38,0,102,0
2015-02-23,117887.545,114370.286,149,42,0,107,0
2015-02-24,125344.201,119985.894,152,44,0,107,0
2015-02-25,134778.61800000002,129776.773,158,42,0,108,0
2015-02-26,203512.052,195051.804,168,45,0,102,1
2015-02-27,246902.298,234997.742,180,39,0,105,3
2015-02-28,272868.13,260371.592,180,40,0,107,1
2015-03-01,317123.927,303643.049,175,43,0,106,2
2015-03-02,408481.186,389353.283,197,32,0,100,1
2015-03-03,434579.084,414735.704,184,34,0,109,0
2015-03-04,443651.534,423943.644,186,30,0,92,2
2015-03-05,435072.014,412030.671,175,33,0,110,0
2015-03-06,441606.39200000005,425230.918,163,38,0,110,3
2015-03-07,446429.01700000005,422618.217,181,26,0,109,0
2015-03-08,414361.092,392955.626,175,32,0,110,0
2015-03-09,438818.042,413867.01,179,32,0,107,1
2015-03-10,461397.667,434249.259,179,33,0,110,1
2015-03-11,471807.556,445670.653,189,33,0,104,0
2015-03-12,483423.82,455990.199,189,23,0,112,0
2015-03-13,497081.456,469028.36,175,26,0,110,1
2015-03-14,493604.92,465688.493,197,22,0,101,0
2015-03-15,452764.995,427587.676,192,31,0,107,0
2015-03-16,478011.695,450585.054,196,36,0,110,2
2015-03-17,494419.995,465385.021,207,31,0,102,0
2015-03-18,474196.612,444221.995,196,34,0,112,4
2015-03-19,476537.257,446680.895,192,30,0,108,3
2015-03-20,481797.297,452318.669,185,34,0,113,0
2015-03-21,468202.468,438075.507,176,40,0,108,0
2015-03-22,417765.928,392649.997,185,38,0,108,3
2015-03-23,431011.881,407010.124,190,38,0,94,10
2015-03-24,410825.961,386739.361,165,66,44,24,0
2015-03-25,402857.477,380027.77,136,74,236,72,0
2015-03-26,383113.259,358957.157,148,73,11,61,12
2015-03-27,407955.75,384306.496,149,67,2,44,1
2015-03-28,420300.336,396071.769,161,65,0,87,3
2015-03-29,379076.775,357956.515,176,55,15,71,1
2015-03-30,433412.885,407853.871,178,57,0,112,1
2015-03-31,459289.264,431429.877,194,47,0,76,0
2015-04-01,510327.759,478382.223,197,43,0,76,0
2015-04-02,539040.691,504571.606,185,41,0,73,0
2015-04-03,514941.794,480415.483,173,45,0,87,0
2015-04-04,387606.826,362515.136,181,50,0,60,0
2015-04-05,241852.052,229542.109,185,46,0,43,0
2015-04-06,378677.822,357134.258,167,61,29,68,0
2015-04-07,480752.563,452582.315,176,59,0,69,0
2015-04-08,493125.618,459297.305,189,47,0,87,1
2015-04-09,498436.948,466136.185,191,43,0,65,0
2015-04-10,494624.058,463056.173,177,56,0,90,0
2015-04-11,475243.511,447107.06,180,54,0,66,1
2015-04-12,422186.888,397706.048,129,62,32700,28,0
2015-04-13,452530.992,424684.83700000006,169,50,0,91,2
2015-04-14,472466.946,443515.2,187,51,0,66,2
2015-04-15,477588.273,448952.403,213,43,0,111,1
2015-04-16,482917.83200000005,452740.402,208,45,0,99,0
2015-04-17,485206.032,455620.013,225,34,0,95,0
2015-04-18,484338.409,456327.608,204,45,0,73,0
2015-04-19,450169.384,422697.915,195,52,7,57,3
2015-04-20,437048.709,409379.276,202,44,0,123,2
2015-04-21,496960.284,466000.118,198,48,32700,90,2
2015-04-22,495883.975,462060.514,163,67,6,56,3
2015-04-23,509085.931,474615.474,168,70,5,50,0
2015-04-24,510275.617,475656.118,175,60,0,85,0
2015-04-25,502944.634,468303.249,170,69,1,18,0
2015-04-26,486804.413,453462.42,168,75,12,7,0
2015-04-27,518729.409,483627.335,171,69,2,58,0
2015-04-28,505433.777,470866.956,182,54,0,81,1
2015-04-29,501673.858,467753.037,176,56,0,81,1
2015-04-30,491858.565,459122.565,198,45,0,100,1
2015-05-01,270417.139,256111.516,207,40,0,124,0
2015-05-02,321030.481,303324.655,214,38,0,124,0
2015-05-03,402029.609,379784.442,228,36,0,125,0
2015-05-04,511582.695,477179.518,228,35,0,120,0
2015-05-05,482653.473,451043.067,228,32,0,121,0
2015-05-06,485754.759,452796.789,229,32,0,122,0
2015-05-07,481118.37,448179.966,231,32,0,114,1
2015-05-08,479480.92,446875.873,228,32,0,101,0
2015-05-09,465892.731,434292.424,193,57,0,56,0
2015-05-10,409971.084,384025.092,208,49,0,122,1
2015-05-11,443472.156,414056.58,224,44,0,113,1
2015-05-12,433627.109,408364.193,241,40,0,101,0
2015-05-13,449109.309,423676.797,241,41,0,117,0
2015-05-14,482883.245,455265.764,234,43,0,121,0
2015-05-15,466081.456,436165.145,229,47,2,25,1
2015-05-16,436559.209,409202.689,229,55,0,74,3
2015-05-17,406097.984,383866.109,244,43,0,99,0
2015-05-18,417114.509,392665.132,246,42,0,82,0
2015-05-19,438136.156,410677.551,231,51,32700,27,2
2015-05-20,451085.067,421303.255,226,59,1,33,0
2015-05-21,431186.686,406640.607,208,74,18,20,1
2015-05-22,429006.156,403521.343,212,78,21,38,2
2015-05-23,404799.344,380234.917,215,66,0,74,0
2015-05-24,380019.161,356403.439,234,49,0,116,1
2015-05-25,441328.107,413455.89200000005,237,44,0,119,0
2015-05-26,485211.229,455486.693,245,42,0,125,0
2015-05-27,516529.534,486247.346,241,46,0,119,0
2015-05-28,514608.786,484017.993,239,44,0,122,8
2015-05-29,557705.601,526225.274,252,40,0,117,0
2015-05-30,551854.193,517954.431,251,45,32700,118,1
2015-05-31,437188.697,412595.743,247,46,0,112,0
2015-06-01,487459.01,460194.233,243,45,0,112,2
2015-06-02,558793.009,526900.425,254,42,0,118,5
2015-06-03,575866.246,541966.6429999999,257,44,0,119,0
2015-06-04,579407.034,544260.145,263,47,0,99,0
2015-06-05,605558.975,568650.6510000001,252,54,10,79,5
2015-06-06,586691.024,551079.201,252,49,0,116,0
2015-06-07,544589.418,514049.603,248,47,0,116,1
2015-06-08,541134.4029999999,509738.67,245,53,0,53,1
2015-06-09,585719.108,551394.0260000001,249,51,0,63,0
2015-06-10,576109.531,544598.517,243,49,0,63,1
2015-06-11,599169.569,561772.9079999999,196,74,208,0,0
2015-06-12,608312.566,571049.166,199,80,89,29,1
2015-06-13,605116.322,568059.341,210,71,32700,20,0
2015-06-14,534671.259,504098.39700000006,228,61,32700,72,0
2015-06-15,544400.191,509878.358,228,63,0,98,1
2015-06-16,543534.2,509071.22,220,67,0,61,1
2015-06-17,577205.54,540224.297,229,63,0,56,0
2015-06-18,571187.358,533897.522,227,66,3,69,0
2015-06-19,581841.988,542777.8960000001,218,77,112,47,0
2015-06-20,376220.177,354384.2379999999,248,57,32700,113,1
2015-06-21,417134.667,390493.92,238,62,40,62,1
2015-06-22,455532.226,425981.206,243,66,20,94,1
2015-06-23,555456.165,518136.195,254,54,0,123,3
2015-06-24,589011.762,551509.978,259,53,0,115,0
2015-06-25,575879.066,544138.416,245,63,97,71,0
2015-06-26,590497.452,557862.61,235,68,0,71,0
2015-06-27,593322.007,560878.292,232,66,0,106,0
2015-06-28,571092.2270000001,540917.9920000001,244,58,32700,96,1
2015-06-29,634979.188,602017.142,243,56,0,92,0
2015-06-30,683714.973,645200.86,243,56,0,69,0
