日期,送端,受端,平均气温/0.1℃,平均相对湿度/ 1% ,20-20时降水量/ 0.1mm,日照时数 /0.1小时%
20111101,133427.912,127984.718,135,71,0,92
20111102,136135.276,129876.702,131,73,32700,72
20111103,146135.962,140753.688,123,77,0,87
20111104,148216.315,142729.717,128,78,32700,62
20111105,130378.126,125178.466,140,78,7,63
20111106,117725.187,113162.113,129,81,12,79
20111107,134108.701,129606.133,118,95,149,0
20111108,124136.145,119198.374,106,95,168,0
20111109,101445.615,97613.878,102,77,1,57
20111110,100960.687,97407.986,101,79,0,88
20111111,102897.187,99250.596,115,79,0,77
20111112,95233.82,91657.624,121,77,0,81
20111113,92857.987,90381.802,127,73,0,97
20111114,113357.215,109336.638,120,76,0,85
20111115,113052.737,108838.975,121,78,0,64
20111116,114041.601,109759.502,121,74,0,76
20111117,113897.562,109162.978,120,68,0,96
20111118,106147.326,101858.959,117,68,0,98
20111119,105611.787,101589.782,117,74,0,99
20111120,99607.751,95969.133,115,74,0,95
20111121,105330.812,101403.035,116,78,0,78
20111122,107446.501,103238.499,107,79,0,72
20111123,107095.712,103057.153,110,76,0,88
20111124,114291.362,109973.634,117,78,0,72
20111125,113638.001,109250.572,121,78,0,82
20111126,113124.373,108802.715,120,78,0,74
20111127,104898.387,100822.673,109,76,0,93
20111128,115510.812,111143.326,103,74,0,99
20111129,112007.712,107298.928,128,63,32700,16
20111130,117148.873,112647.866,124,74,0,39
20111201,100986.798,96608.036,125,82,32,49
20111202,97875.362,93556.787,96,84,18,36
20111203,96080.137,91873.287,101,85,0,53
20111204,93267.476,89072.101,119,84,12,30
20111205,107780.812,103161.556,120,89,9,41
20111206,105222.187,100525.466,126,82,32700,30
20111207,104625.987,98666.488,142,82,0,64
20111208,105934.776,100487.789,134,84,0,67
20111209,108536.276,103705.046,118,87,1,2
20111210,108784.651,103723.018,63,92,32700,0
20111211,91004.101,85084.022,46,93,11,0
20111212,112791.026,106536.443,76,89,32700,62
20111213,115735.737,109664.863,88,87,0,21
20111214,111137.276,106882.201,84,83,0,26
20111215,105273.312,101643.26,99,78,0,61
20111216,102745.99,99290.794,91,86,32700,15
20111217,106966.626,103206.012,94,83,0,67
20111218,91166.426,87572.936,98,82,0,79
20111219,110780.512,106503.094,100,79,0,53
20111220,125512.362,121286.43,99,72,0,94
20111221,127353.173,123291.161,97,72,0,93
20111222,121863.526,117801.734,96,76,0,87
20111223,122368.323,118319.98,108,73,0,95
20111224,114758.265,111230.186,58,84,32700,0
20111225,91670.276,88771.493,76,87,0,0
20111226,109215.976,105671.858,85,89,0,0
20111227,108150.001,104637.206,102,78,0,54
20111228,106168.915,102310.838,102,81,0,0
20111229,103122.287,98974.337,120,65,0,93
20111230,96413.698,91355.734,98,72,0,94
20111231,87249.412,82368.868,102,69,0,93
20120101,57468.209,53810.291,109,68,0,95
20120102,79792.617,75915.859,135,68,0,73
20120103,90471.773,85544.225,145,64,6,91
20120104,98503.073,93430.453,99,75,12,22
20120105,98206.395,93749.457,98,72,26,82
20120106,95461.17,91201.016,88,69,0,81
20120107,90771.07,87095.626,96,64,0,88
20120108,84355.47,80447.431,97,59,0,91
20120109,80903.745,77664.545,103,65,0,91
20120110,74940.22,71324.448,105,72,0,64
20120111,70086.698,66575.452,102,77,0,62
20120112,65323.198,61891.253,107,80,32700,50
20120113,64005.834,60361.989,101,84,32700,19
20120114,58636.92,53166.164,104,76,1,63
20120115,50666.623,45659.328,99,49,0,97
20120116,53133.062,49521.668,82,52,0,96
20120117,42519.37,38366.688,87,60,0,45
20120118,35733.284,31875.034,116,42,0,84
20120119,29636.909,26732.518,110,48,0,94
20120120,24649.184,22703.66,103,54,0,93
20120121,22534.906,20455.857,115,47,0,76
20120122,24416.301,22583.963,102,47,0,97
20120123,18616.537,16921.261,101,47,0,100
20120124,19162.262,17047.857,113,34,0,102
20120125,19421.615,17822.077,92,50,0,101
20120126,20306.534,18570.832,112,49,0,103
20120127,23892.723,21696.845,129,41,0,103
20120128,28679.948,26754.898,124,40,0,103
20120129,32380.173,30620.755,110,47,0,102
20120130,39676.337,38018.526,111,47,0,103
20120131,57751.097,55604.228,112,52,0,95
20120201,55842.659,53672.207,118,47,0,103
20120202,88571.545,85701.919,110,48,0,102
20120203,96412.101,93983.744,105,53,0,105
20120204,92216.523,88911.962,136,36,0,102
20120205,73535.448,70855.877,147,36,0,103
20120206,78900.473,76223.407,150,30,0,103
20120207,81880.501,78515.491,135,40,0,102
20120208,87470.234,83070.024,147,40,0,104
20120209,94983.031,90501.991,151,34,0,102
20120210,112738.148,107409.62,157,39,0,100
20120211,112288.909,107420.726,138,47,0,98
20120212,114356.02,109579.899,139,43,0,100
20120213,112496.184,106861.269,130,49,0,105
20120214,111247.623,106152.242,139,42,0,103
20120215,116280.356,111215.601,153,37,0,102
20120216,117638.363,112825.279,151,40,0,103
20120217,114390.888,109646.558,155,41,0,102
20120218,106319.49,101518.657,162,39,0,104
20120219,100171.769,95967.636,132,49,0,98
20120220,109694.341,104877.858,130,53,0,102
20120221,105418.8,100981.409,142,49,0,82
20120222,108332.912,103877.788,149,47,0,100
20120223,111082.457,106751.395,150,48,0,100
20120224,115040.424,110120.923,161,42,0,103
20120225,106311.232,102040.189,162,35,0,105
20120226,98047.747,94648.578,161,29,0,105
20120227,115728.876,110591.02,159,32,0,96
20120228,108026.45,103419.246,135,40,0,104
20120229,102239.944,91855.628,154,31,0,87
20120301,107981.951,102080.517,112,73,73,22
20120302,105301.048,98429.344,107,75,12,21
20120303,107111.449,100224.397,91,87,149,0
20120304,98867.534,93463.63,99,72,32700,64
20120305,112265.327,106418.659,122,51,0,104
20120306,110613.046,105202.577,122,62,0,54
20120307,99002.807,94204.202,137,59,0,45
20120308,93617.571,89055.94,159,43,0,53
20120309,82774.995,79054.941,179,33,0,104
20120310,79272.609,75107.757,164,38,0,106
20120311,76990.891,73336.263,169,37,0,104
20120312,91998.234,87791.087,170,36,0,107
20120313,97057.848,92195.098,172,34,0,107
20120314,104103.643,97909.947,174,40,0,72
20120315,107554.408,102204.186,178,36,0,101
20120316,115622.288,110214.584,170,39,0,88
20120317,100431.65,95002.961,155,42,0,98
20120318,98392.089,92808.603,148,40,0,106
20120319,107585.434,102369.442,159,35,0,100
20120320,108601.553,103204.125,170,41,0,104
20120321,129569.837,124386.283,190,39,0,84
20120322,121512.752,116068.819,182,52,0,38
20120323,120323.636,114949.173,179,47,0,87
20120324,119773.722,114766.499,129,50,0,69
20120325,98886.326,94465.208,158,64,32700,73
20120326,121702.029,116564.33,168,66,0,63
20120327,121942.731,117161.2,174,64,0,71
20120328,113278.114,108556.256,193,54,32700,98
20120329,99416.713,94583.176,201,39,0,94
20120330,101855.809,97633.532,199,30,0,89
20120331,98515.861,94168.119,139,51,0,31
20120401,73321.232,69397.474,166,52,0,102
20120402,70511.93,66656.763,199,41,0,112
20120403,55226.321,51682.112,186,40,0,81
20120404,42286.093,38748.346,201,37,0,85
20120405,93021.67,88084.565,204,39,0,108
20120406,89164.17,85020.417,177,51,32700,58
20120407,95418.67,91122.816,169,61,24,36
20120408,98569.407,94461.854,127,83,60,27
20120409,117226.275,112795.997,158,64,0,83
20120410,124844.72,120151.963,167,57,0,101
20120411,128682.419,124135.189,179,54,0,103
20120412,139000.633,132746.562,184,51,0,97
20120413,137150.352,131575.802,192,47,0,94
20120414,136782.298,131421.732,207,37,0,115
20120415,130420.603,125265.351,211,36,0,108
20120416,150069.847,144134.448,210,37,0,99
20120417,155709.517,149158.785,202,38,0,103
20120418,156536.847,149654.598,214,32,0,116
20120419,156891.81,150010.821,184,48,3,58
20120420,157445.941,150196.639,184,55,32700,76
20120421,149280.59,143104.005,179,58,0,97
20120422,134009.974,127743.073,180,61,2,58
20120423,155306.515,148143.179,195,58,32700,109
20120424,154447.654,147488.421,211,39,0,118
20120425,167363.546,159445.212,209,40,0,68
20120426,188166.199,180929.257,178,52,32700,55
20120427,172326.152,165074.496,199,47,0,89
20120428,132244.989,125655.404,200,47,0,62
20120429,101916.255,96990.607,205,49,0,80
20120430,82875.144,79852.019,197,47,0,104
20120501,49192.9,45578.509,202,45,0,122
20120502,154697.722,145391.518,221,32,0,122
20120503,183753.652,174044.853,219,33,0,120
20120504,210992.812,200294.143,225,34,0,121
20120505,212576.516,200773.999,221,40,0,97
20120506,191436.927,182621.476,204,67,3,6
20120507,214706.86,205975.221,185,81,10,0
20120508,227565.965,218512.345,207,74,2,49
20120509,239230.423,228928.292,227,60,0,106
20120510,260949.594,249555.837,240,50,0,105
20120511,265076.449,253542.382,248,49,0,111
20120512,238905.107,228605.899,252,42,0,104
20120513,207215.508,198885.162,240,45,0,101
20120514,258031.446,246614.105,248,43,0,94
20120515,239374.229,228875.554,226,51,32700,76
20120516,251469.513,239215.522,230,45,0,95
20120517,252074.617,238990.03,232,42,0,95
20120518,248795.601,236473.845,236,42,0,119
20120519,221191.762,210325.189,248,47,0,99
20120520,204975.142,194497.184,253,46,0,103
20120521,244850.113,233277.226,264,49,0,101
20120522,260296.756,246461.843,259,49,0,89
20120523,260833.388,247529.141,258,47,0,108
20120524,276361.958,261363.146,255,49,0,93
20120525,272326.985,256778.877,220,74,38,49
20120526,264836.217,251661.657,203,77,27,15
20120527,238141.72,224924.994,210,75,32700,46
20120528,263540.629,249833.585,216,77,1,33
20120529,284519.387,269401.108,210,81,243,29
20120530,297225.746,281552.108,175,87,75,0
20120531,313582.801,299781.25,172,92,34,0
20120601,325754.311,310695.647,204,81,0,28
20120602,293335.624,281761.007,186,88,36,0
20120603,277975.308,267162.216,202,85,59,5
20120604,318141.362,304599.106,222,71,0,61
20120605,351706.593,335943.548,238,58,0,126
20120606,385337.955,366709.593,247,50,0,127
20120607,386052.441,367734.263,251,49,0,110
20120608,390142.052,371377.16,227,74,16,41
20120609,364569.03,347425.598,227,71,32700,83
20120610,330584.043,316178.335,218,78,24,6
20120611,370963.159,352607.661,211,78,2,0
20120612,371384.608,353488.194,222,71,32700,50
20120613,369540.621,351223.902,239,54,0,106
20120614,376047.556,356043.442,223,67,87,13
20120615,381191.788,356132.614,205,77,90,19
20120616,360300.349,343313.645,193,81,32700,0
20120617,352323.638,336235.938,198,79,10,16
20120618,379446.122,361068.778,229,71,0,58
20120619,381126.415,361092.442,222,75,148,17
20120620,370772.063,351818.945,191,93,395,0
20120621,365285.06,346194.536,208,85,22,0
20120622,364446.917,345854.389,215,79,8,6
20120623,220745.046,210616.362,218,77,1,9
20120624,247874.496,235683.173,219,69,32700,15
20120625,356410.642,336686.014,210,74,0,14
20120626,402999.722,381042.634,219,70,0,8
20120627,420447.239,396489.765,222,69,0,75
20120628,434307.146,410166.209,226,66,0,55
20120629,439008.254,403005.626,230,71,0,73
20120630,408266.279,386708.071,229,72,30,68
20120701,335749.726,320042.491,213,82,75,23
20120702,397263.556,374278.198,210,83,40,70
20120703,433603.447,410064.96,210,80,0,13
20120704,431770.949,409932.329,207,84,13,6
20120705,450061.348,430209.126,210,82,38,16
20120706,438037.051,416427.483,221,76,13,84
20120707,441797.658,417581.358,226,74,0,66
20120708,394394.912,373932.106,230,73,0,88
20120709,439211.015,415060.17,223,75,0,44
20120710,468768.515,443208.415,221,76,0,55
20120711,474053.379,447741.578,227,72,0,72
20120712,491709.244,463374.137,231,68,0,56
20120713,491132.814,463474.095,208,84,44,2
20120714,498501.983,469574.637,210,85,11,3
20120715,443311.153,419324.385,215,77,0,36
20120716,477071.847,450329.673,205,84,7,0
20120717,498752.762,470344.172,201,90,114,0
20120718,501344.081,472937.705,212,87,19,12
20120719,497514.084,468423.285,199,92,228,9
20120720,498917.756,469596.625,214,81,21,87
20120721,500521.856,471846.444,223,75,0,89
20120722,489397.633,461936.603,210,77,10,0
20120723,463132.666,438197.56,195,88,46,17
20120724,447035.21,422487.207,211,81,98,84
20120725,465221.047,438058.414,207,84,13,11
20120726,484957.154,457208.348,223,73,32700,62
20120727,488121.647,460577.442,211,81,32700,50
20120728,466437.687,438117.835,187,92,397,0
20120729,493960.15,465773.185,187,92,54,40
20120730,505207.771,475871.311,218,79,0,96
20120731,519060.908,487778.451,210,84,243,60
20120801,522178.81,491346.752,191,89,92,0
20120802,530728.926,498640.332,200,84,119,58
20120803,520719.685,489484.591,206,84,103,69
20120804,523476.207,492035.568,221,77,0,98
20120805,495663.579,467318.552,229,75,0,99
20120806,478903.348,449690.787,200,82,155,38
20120807,514250.193,483604.023,194,91,214,10
20120808,516842.77,486025.754,209,82,16,80
20120809,518764.384,487577.635,209,82,32700,46
20120810,518161.73,486921.153,222,68,0,117
20120811,517989.269,487190.115,220,71,0,111
20120812,509001.861,479139.347,235,72,0,116
20120813,506528.004,476990.424,225,78,66,62
20120814,518954.975,488479.711,213,81,0,81
20120815,524979.866,493720.759,206,88,95,33
20120816,515026.958,484899.862,221,79,3,83
20120817,467277.59,439629.385,227,71,0,105
20120818,456140.319,428399.118,211,76,32700,6
20120819,456939.761,428546.664,197,82,23,29
20120820,497805.336,467090.081,202,84,60,68
20120821,522826.959,491535.778,204,82,32700,65
20120822,517027.398,486291.67,198,78,30,5
20120823,510643.115,480474.271,188,85,47,1
20120824,527750.106,496767.582,202,83,0,58
20120825,528893.049,497824.203,201,81,34,34
20120826,515908.961,485914.131,188,93,157,17
20120827,520673.771,490257.507,199,89,32700,69
20120828,529405.002,498160.76,217,77,0,93
20120829,528594.007,497390.167,222,76,0,58
20120830,532191.974,500994.537,224,77,32700,85
20120831,531695.076,500232.869,227,76,0,84
20120901,514924.585,485301.567,220,79,0,78
20120902,487201.966,459251.725,177,92,474,8
20120903,498012.104,469081.839,191,71,0,43
20120904,508604.877,478606.858,195,69,0,38
20120905,500426.861,471269.918,202,75,0,65
20120906,501251.561,471945.317,205,75,0,89
20120907,504206.358,475059.575,203,78,0,56
20120908,473446.895,445992.692,209,77,0,71
20120909,463178.246,435357.243,209,80,0,71
20120910,489391.75,460605.681,216,78,0,64
20120911,501899.009,472926.288,209,79,32700,54
20120912,495560.92,466480.445,199,85,31,40
20120913,507200.112,478189.807,136,94,491,0
20120914,477414.058,450552.599,148,84,36,5
20120915,407818.265,386516.024,156,84,0,0
20120916,390921.31,369679.812,165,86,0,12
20120917,441332.209,417302.462,187,83,32700,27
20120918,468684.304,443376.217,194,80,0,55
20120919,472554.067,446704.295,198,82,32700,12
20120920,480765.144,453872.461,203,79,0,39
20120921,477293.11,450618.947,208,72,0,44
20120922,448843.654,424286.905,197,78,0,48
20120923,447897.523,424127.094,204,74,0,105
20120924,472249.231,447751.692,208,73,0,108
20120925,483120.176,457328.028,210,77,0,93
20120926,471810.308,445206.439,211,78,17,56
20120927,464756.167,439575.879,190,90,212,15
20120928,436069.284,414289.711,171,93,175,0
20120929,395950.702,375960.584,171,87,4,0
20120930,236161.641,224228.459,181,88,16,34
20121001,211968.461,201964.127,163,91,54,27
20121002,226124.837,214952.835,179,85,0,60
20121003,275318.957,261303.396,191,83,3,77
20121004,345844.637,327234.697,194,80,0,58
20121005,350568.413,333637.86,196,80,0,51
20121006,374842.554,358297.57,191,83,32700,7
20121007,380342.03,361073.162,185,82,1,10
20121008,394836.501,376121.879,185,82,0,24
20121009,407212.567,387244.009,179,84,0,44
20121010,402405.639,382667.66,183,79,0,56
20121011,391755.476,372781.884,183,79,32700,67
20121012,389695.546,370828.297,177,83,32700,4
20121013,392671.592,373322.712,198,73,0,72
20121014,363449.824,344526.48,190,68,0,105
20121015,390924.19,371840.529,192,65,0,101
20121016,392349.467,373537.951,189,61,0,104
20121017,397657.414,378658.276,160,74,0,43
20121018,393561.157,374882.965,173,67,0,91
20121019,382324.874,364157.89,183,59,0,109
20121020,352149.544,335307.641,173,59,0,108
20121021,344422.634,328660.79,163,59,0,108
20121022,355819.864,338567.004,155,64,0,106
20121023,345324.985,329353.365,155,70,0,106
20121024,355820.003,339524.15,163,67,0,108
20121025,344233.307,329038.709,170,62,0,107
20121026,320972.365,307824.014,161,60,0,108
20121027,299141.638,288014.464,156,67,0,103
20121028,271008.545,260153.181,165,71,0,67
20121029,271157.93,258381.988,175,73,0,71
20121030,247679.275,237427.91,155,81,22,61
20121031,234416.298,225713.718,142,71,0,53
20121101,244430.473,235172.754,148,74,0,99
20121102,249506.435,239957.029,145,61,0,100
20121103,248970.675,235133.707,142,58,0,100
20121104,226014.738,218030.731,145,70,0,75
20121105,252722.724,242942.316,148,77,0,86
20121106,272666.439,261753.062,163,81,0,21
20121107,272299.502,261259.172,168,78,32700,36
20121108,274822.34,263741.997,166,62,32700,60
20121109,277614.24,266875.917,156,56,0,93
20121110,278004.371,267449.7,145,58,0,101
20121111,267108.653,257462.087,127,70,0,92
20121112,265249.234,255697.125,142,66,0,97
20121113,280394.094,269707.197,142,65,0,93
20121114,280756.874,269935.371,149,68,0,81
20121115,275196.406,264958.369,144,75,0,69
20121116,273774.006,262630.64,158,73,18,43
20121117,268687.12,258130.901,145,64,0,89
20121118,247266.338,237796.03441,132,75,0,79
20121119,263791.456,253804.9187,158,57,0,98
20121120,264478.768,228370.028,183,50,0,99
20121121,260731.316,257841.513,167,55,0,96
20121122,258960.681,251161.79,172,42,0,100
20121123,265671.785,251785.892,141,60,0,98
20121124,261356.195,251088.933,148,62,0,101
20121125,241200.609,231479.142,148,59,0,96
20121126,260837.895,250275.116,138,69,0,75
20121127,265555.803,254873.188,149,59,0,90
20121128,265284.483,253852.923,137,60,0,100
20121129,266375.507,255351.499,136,55,0,99
20121130,267270.011,255910.727,128,58,0,98
20121201,262385.843,250902.456,149,53,0,95
20121202,217609.208,208310.587,125,56,0,98
20121203,244465.261,233893.691,124,58,0,98
20121204,256552.375,246009.213,135,56,0,96
20121205,248684.778,238124.376,88,73,0,6
20121206,251548.937,240983.803,116,73,0,92
20121207,253113.26,242314.203,105,75,0,36
20121208,257863.213,247190.965,107,77,0,44
20121209,241287.338,229986.581,118,69,0,79
20121210,239257.356,228659.616,116,59,0,95
20121211,250080.579,240507.774,102,66,0,93
20121212,251871.814,241188.484,108,68,0,95
20121213,252326.078,241278.317,116,60,0,95
20121214,252366.495,242089.032,111,54,0,97
20121215,243205.627,232609.725,109,50,0,95
20121216,239171.312,229622.935,110,50,0,96
20121217,241378.439,231736.218,109,49,0,97
20121218,257881.705,248123.965,108,61,0,89
20121219,254404.061,244807.725,116,62,0,97
20121220,252261.223,241820.293,124,44,0,97
20121221,244507.422,234693.006,116,46,0,97
20121222,241253.206,231689.157,104,56,0,95
20121223,222505.888,214216.011,77,73,0,41
20121224,235909.483,226785.698,109,67,0,76
20121225,226499.054,218321.717,107,58,0,98
20121226,224162.599,215583.189,103,62,0,81
20121227,221683.79,213050.54,98,55,0,96
20121228,235419.267,226709.719,91,59,0,95
20121229,236934.726,227920.806,113,54,0,98
20121230,214679.719,207438.451,33,70,0,0
20121231,230306.689,222435.215,14,87,0,0
20130101,144450.256,139777.024,69,82,0,52
20130102,210553.6,202291.839,91,71,0,79
20130103,236548.689,226781.219,96,80,0,42
20130104,247194.109,237189.41,127,48,0,96
20130105,255774.198,244491.019,119,44,0,97
20130106,254768.423,242819.699,104,45,0,99
20130107,262328.247,250897.021,107,49,0,96
20130108,270370.036,258807.726,120,43,0,80
20130109,276719.605,265053.184,87,59,0,34
20130110,282689.948,270626.723,87,77,0,65
20130111,281744.107,269547.059,71,80,32700,35
20130112,280676.865,267862.219,82,76,0,63
20130113,249591.351,239041.751,81,76,0,65
20130114,264903.906,253309.741,94,71,0,57
20130115,254093.057,243038.493,90,68,0,81
20130116,255142.498,243232.872,99,62,0,98
20130117,254269.804,242518.821,92,71,0,61
20130118,254029.36,242497.735,113,75,0,72
20130119,250490.638,239586.126,121,53,0,90
20130120,216209.479,207558.747,130,35,0,45
20130121,230027.478,221950.527,106,50,0,97
20130122,215216.471,207911.282,108,48,0,100
20130123,216080.783,209064.667,106,48,0,100
20130124,215638.56,208361.699,109,49,0,97
20130125,202334.948,196061.498,110,50,0,98
20130126,199278.977,192702.844,99,43,0,100
20130127,194435.659,188427.545,89,55,0,91
20130128,213184.195,206338.602,111,58,0,93
20130129,215672.9,208711.608,96,52,0,81
20130130,210611.384,202829.827,104,61,0,39
20130131,199191.514,192399.157,120,53,0,102
20130201,183918.389,178028.365,110,43,0,98
20130202,163324.75,158112.279,110,46,0,82
20130203,155823.954,150881.599,113,51,0,69
20130204,148647.142,143688.871,113,50,32700,87
20130205,137375.639,133056.173,132,43,0,103
20130206,126039.144,121572.511,142,39,0,104
20130207,102115.486,98550.014,161,37,0,102
20130208,53713.188,51187.203,158,39,0,104
20130209,44977.797,42530.172,161,42,0,87
20130210,49901.81,47382.585,159,47,0,95
20130211,46410.381,43529.318,158,39,0,106
20130212,40524.919,37944.825,169,33,0,107
20130213,47148.77,44716.567,181,31,0,62
20130214,67165.03,63855.286,173,32,0,93
20130215,82306.079,78900.267,168,31,0,105
20130216,105376.85,100909.274,159,36,0,106
20130217,112154.651,107077.869,170,41,0,88
20130218,115548.885,110626.358,165,52,32700,14
20130219,144958.57,139419.949,133,51,0,108
20130220,158222.253,152634.495,141,50,0,98
20130221,170555.687,164106.236,148,42,0,108
20130222,177774.591,171819.119,147,38,0,108
20130223,170279.563,164773.423,158,60,0,84
20130224,164960.806,159359.671,175,45,0,108
20130225,195095.033,187422.616,165,34,0,109
20130226,199854.373,192085.749,196,25,0,107
20130227,195325.194,187902.733,168,37,0,108
20130228,196255.447,188378.86,167,34,0,109
20130301,223503.634,213886.851,191,25,0,105
20130302,227578.972,217740.077,184,27,0,108
20130303,217150.514,208074.999,157,45,0,86
20130304,219181.251,209639.436,143,71,0,54
20130305,223346.814,213371.134,158,65,0,86
20130306,226415.572,216980.501,168,50,0,103
20130307,229329.035,219755.179,156,49,0,86
20130308,237627.533,227626.672,153,56,0,79
20130309,231053.641,221268.536,166,49,0,100
20130310,223684.133,214090.506,167,41,0,102
20130311,253833.493,241444.876,179,37,0,89
20130312,257694.24,245150.702,148,57,7,59
20130313,255004.72,243036.137,147,56,32700,101
20130314,266972.3,256040.02,162,50,0,97
20130315,267217.031,256052.223,186,38,0,100
20130316,266649.091,255416.313,197,35,0,97
20130317,266953.406,256057.96,202,37,0,101
20130318,277927.36,265989.407,168,49,6,58
20130319,278059.694,265938.073,157,53,0,64
20130320,261937.229,247263.593,165,38,0,109
20130321,278075.462,264311.652,167,39,0,97
20130322,259225.87,247850.459,180,38,0,85
20130323,271728.564,259540.641,167,44,32700,80
20130324,252726.477,242017.301,178,41,0,113
20130325,284634.499,271947.001,200,33,0,102
20130326,288316.416,274451.903,169,49,2,36
20130327,268946.251,258058.665,162,51,0,100
20130328,269347.968,257102.002,195,31,0,108
20130329,247259.365,235871.317,188,42,0,78
20130330,238602.954,227053.872,202,36,0,98
20130331,216699.004,207312.076,188,37,0,102
20130401,243156.561,232567.96,183,39,32700,81
20130402,236368.645,226571.455,183,42,0,110
20130403,199266.62,191684.761,199,32,0,111
20130404,123459.855,119281.42,199,31,0,85
20130405,184747.547,176629.101,176,43,32700,57
20130406,230010.946,221343.869,134,57,32700,66
20130407,248824.186,238955.018,156,52,0,96
20130408,262821.726,252037.57,193,31,0,108
20130409,276437.512,264729.734,205,32,0,106
20130410,267976.294,257578.458,209,37,0,40
20130411,262458.226,251605.675,169,71,79,20
20130412,263827.571,254080.349,141,85,32,0
20130413,260415.311,250138.834,176,68,32700,37
20130414,246191.319,236887.704,199,47,32700,77
20130415,260390.942,249739.591,187,61,0,59
20130416,275978.265,264559.095,191,47,32700,46
20130417,278834.894,267122.219,187,46,0,98
20130418,285939.234,273806.556,196,42,0,99
20130419,284111.311,271698.591,207,36,0,118
20130420,263327.723,265871.714,214,29,0,119
20130421,203260.466,234094.363,227,31,0,104
20130422,275140.368,276111.089,229,33,0,108
20130423,271084.518,277595.505,220,36,32700,76
20130424,269612.753,274293.888,208,41,0,97
20130425,272643.082,275820.885,212,37,0,63
20130426,285610.313,274025.557,205,43,0,77
20130427,280451.117,272777.304,223,38,0,93
20130428,280744.51,265455.082,225,43,0,78
20130429,226693.465,1083529.267,218,46,0,116
20130430,195334.131,189783.338,211,54,11,46
20130501,123352.433,114888.997,212,56,32700,72
20130502,238059.773,227602.791,202,61,3,57
20130503,257180.691,246045.59,162,82,36,0
20130504,258987.053,247047.995,161,81,32,56
20130505,251576.851,237974.337,176,64,32700,92
20130506,256641.96,242803.466,198,50,0,103
20130507,271676.467,257653.075,189,55,0,53
20130508,272458.074,259269.199,198,52,0,68
20130509,284941.742,273516.302,194,55,2,70
20130510,294438.371,276025.579,166,75,38,2
20130511,278677.363,264553.719,168,83,10,0
20130512,258767.642,246831.084,194,67,0,68
20130513,278495.098,265177.428,213,52,0,115
20130514,283436.319,270154.744,223,42,0,74
20130515,285183.392,272783.035,228,39,0,72
20130516,296274.876,283227.924,239,43,0,90
20130517,310051.808,296363.456,216,60,10,65
20130518,300817.545,287302.252,220,48,0,74
20130519,269991.444,258291.788,229,40,0,89
20130520,313295.433,298512.847,238,41,32700,83
20130521,319676.319,303886.355,208,66,164,77
20130522,334455.9,317854.066,226,56,28,81
20130523,318348.949,303390.858,198,74,285,20
20130524,332042.59,315712.388,215,65,32700,41
20130525,297217.713,282450.577,193,83,90,0
20130526,239727.337,224718.192,221,68,0,72
20130527,313510.099,297985.235,243,54,0,115
20130528,331621.115,314357.512,244,51,0,117
20130529,336323.583,318803.513,240,53,0,92
20130530,330288.588,311908.672,241,52,0,109
20130531,330574.753,313193.695,234,54,0,78
20130601,316921.894,300915.204,247,47,0,103
20130602,297577.29,283532.941,175,76,93,0
20130603,320813.754,304089.142,187,77,0,34
20130604,369050.518,349956.603,214,70,0,52
20130605,372454.776,352992.539,227,64,2,73
20130606,376330.621,356448.606,232,61,0,89
20130607,382310.734,361187.989,237,59,0,50
20130608,378418.713,357451.082,239,54,0,122
20130609,370594.887,348752.691,236,59,67,52
20130610,352698.271,331667.07,162,81,390,0
20130611,280092.675,260110.504,199,55,0,124
20130612,177901.887,167910.02,202,46,0,126
20130613,320311.688,301377.539,217,42,0,130
20130614,345270.443,327984.679,232,42,0,128
20130615,345403.158,328048.462,238,45,0,124
20130616,322981.439,308313.647,252,43,0,125
20130617,345400.035,329132.745,254,46,0,115
20130618,367582.523,347780.761,255,53,0,93
20130619,369379.952,349174.625,254,56,32700,96
20130620,377172.087,356270.359,252,56,0,94
20130621,384949.043,364177.003,208,83,238,28
20130622,349157.304,330534.882,230,70,59,65
20130623,328674.145,311325.437,234,70,32700,52
20130624,372433.734,351808.55,221,76,79,36
20130625,358394.665,339039.969,230,69,0,23
20130626,357789.381,339124.79,239,58,0,110
20130627,373246.045,351631.495,205,79,153,4
20130628,382559.009,360747.549,205,79,293,25
20130629,357072.652,337997.509,232,63,0,62
20130630,319890.672,302993.316,228,66,0,53
20130701,397220.079,375253.216,224,64,32700,20
20130702,380338.459,361005.343,228,67,0,37
20130703,390065.529,369496.874,227,66,0,11
20130704,397587.094,376056.332,212,73,32700,3
20130705,394233.93,372213.739,206,76,34,1
20130706,389283.122,366687.796,200,82,30,2
20130707,368481.182,348188.439,208,75,11,9
20130708,393439.766,372020.722,207,76,2,19
20130709,402210.639,380702.664,197,81,46,12
20130710,407481.724,385996.856,211,76,32700,11
20130711,397327.35,376312.613,215,74,32700,12
20130712,401501.493,380038.623,204,82,14,41
20130713,398630.867,377480.831,211,75,0,40
20130714,339804.422,322240.959,206,75,219,62
20130715,376365.668,356359.677,218,72,2,90
20130716,384330.7,363703.997,230,69,0,70
20130717,383794.08,364274.691,226,67,0,43
20130718,375733.915,355148.238,219,70,0,3
20130719,367173.052,348073.984,210,78,22,0
20130720,371462.642,352330.616,210,81,32700,37
20130721,350462.957,333980.634,218,74,14,37
20130722,362753.248,343058.111,218,76,64,31
20130723,360729.379,343024.362,213,74,32700,19
20130724,366540.963,346827.812,215,74,138,62
20130725,364925.661,345894.486,212,73,124,16
20130726,348190.22,330216.389,198,82,4,22
20130727,326196.595,309874.136,227,69,0,93
20130728,312938.765,297411.179,216,78,15,29
20130729,316461.656,300422.677,213,72,7,8
20130730,330701.284,313430.607,208,77,121,22
20130731,333023.536,315912.258,203,79,32700,61
20130801,317529.85,301659.389,210,72,16,27
20130802,305309.359,289798.193,195,80,10,11
20130803,304530.123,288840.855,189,85,111,37
20130804,300740.949,286104.761,188,84,310,0
20130805,318000.541,301788.986,198,76,1,80
20130806,338829.943,322094.665,220,66,0,111
20130807,353169.156,333729.516,219,69,0,74
20130808,355350.046,337947.105,204,75,84,14
20130809,359985.256,341405.385,199,74,1,43
20130810,333997.696,316432.483,202,75,0,31
20130811,294101.023,277043.489,191,85,362,25
20130812,352572.223,337424.651,175,90,325,0
20130813,351207.262,336797.826,186,89,93,16
20130814,269977.061,261521.449,196,83,32700,45
20130815,260697.377,250724.16,205,79,102,75
20130816,289927.989,277907.912,190,84,39,33
20130817,283395.21,270596.68,199,76,35,52
20130818,287877.114,274650.095,194,76,25,37
20130819,308215.386,292464.749,203,75,63,57
20130820,291624.857,276312.69,202,74,0,46
20130821,306420.006,290280.299,210,74,10,39
20130822,301873.454,285650.894,209,77,56,40
20130823,326494.203,308860.662,225,69,0,73
20130824,331437.02,312671.935,227,60,0,92
20130825,331908.763,314944.219,197,81,215,0
20130826,339887.554,320285.906,193,82,172,20
20130827,358596.749,339514.256,204,79,82,70
20130828,361467.11,341703.27,225,68,0,77
20130829,361377.796,341179.13,217,71,32700,35
20130830,337219.195,334948.471,190,79,510,0
20130831,343112.677,324145.515,191,76,32700,0
20130901,307135.304,291117.448,199,79,12,25
20130902,329428.49,311916.311,206,77,3,8
20130903,333323.983,315326.548,201,82,3,0
20130904,353185.875,330710.945,208,77,32700,8
20130905,348360.157,327905.916,169,85,30,0
20130906,345698.894,325986.918,153,84,16,0
20130907,373512.895,349937.744,168,84,32700,0
20130908,368798.892,346096.109,182,82,5,0
20130909,381440.892,357492.297,186,79,0,3
20130910,406083.837,379999.908,194,75,0,34
20130911,421853.784,393854.881,209,71,0,47
20130912,438363.361,409216.273,189,77,0,38
20130913,426293.346,397526.977,196,73,5,60
20130914,424129.935,395926.335,200,68,0,68
20130915,394827.531,369214.236,181,75,0,0
20130916,426659.526,397790.714,197,75,0,71
20130917,437098.951,407990.967,208,71,0,54
20130918,429140.516,401086.769,213,70,0,68
20130919,295969.154,276525.893,216,69,0,43
20130920,319810.814,298161.173,193,69,81,51
20130921,376330.064,354290.995,192,68,0,62
20130922,339276.156,321686.434,200,68,0,78
20130923,344171.737,323284.064,210,68,0,48
20130924,393295.403,366811.405,216,60,0,89
20130925,407311.413,381372.629,211,55,0,56
20130926,406710.658,381770.8,175,71,0,0
20130927,405854.867,380970.381,167,85,69,0
20130928,393687.489,369625.474,186,66,33,91
20130929,347333.825,326134.128,180,57,0,95
20130930,363968.548,342049.798,166,51,0,103
20131001,266881.093,250073.448,164,65,0,26
20131002,226621.452,211110.051,165,87,59,0
20131003,256272.222,240606.961,183,79,0,5
20131004,315705.138,294109.556,189,76,7,50
20131005,340045.756,319631.242,185,79,27,18
20131006,364362.562,342849.897,148,89,113,0
20131007,417725.738,393190.977,165,73,0,25
20131008,430762.004,404861.089,174,60,0,21
20131009,441516.53,415312.58,173,60,0,77
20131010,442034.789,415665.276,168,59,0,110
20131011,468998.121,438555.27,167,60,0,103
20131012,468998.121,438555.27,164,65,0,102
20131013,439044.288,408417.983,165,68,0,84
20131014,465936.676,434371.775,175,73,0,56
20131015,456064.74,425426.173,174,67,0,53
20131016,451390.867,421408.237,165,74,0,3
20131017,450094.81,420423.578,167,77,0,1
20131018,448546.88,417939.063,174,77,0,31
20131019,436452.736,407973.472,161,86,32,0
20131020,410012.413,384578.372,139,92,98,0
20131021,428564.879,400297.953,163,82,7,21
20131022,444066.183,413342.223,158,83,3,5
20131023,458278.165,427287.102,122,90,122,0
20131024,424485.936,397603.677,133,75,0,68
20131025,451053.205,420432.91,122,75,0,76
20131026,448326.298,417692.437,126,77,32700,0
20131027,437709.466,407659.845,126,84,5,0
20131028,437091.28,406313.634,131,86,49,0
20131029,440587.684,410343.843,145,81,23,55
20131030,440113.662,409318.735,151,68,0,103
20131031,435847.662,405121.001,144,69,0,99
20131101,439460.198,408456.02,139,62,0,107
20131102,413395.051,385882.483,136,64,0,104
20131103,398884.333,372384.843,138,68,0,104
20131104,404156.186,380757.544,141,72,0,88
20131105,436947.7,407924.006,141,71,0,100
20131106,436778.583,407236.76,135,71,0,68
20131107,435954.882,406405.037,132,75,0,91
20131108,428788.195,399359.391,144,69,0,103
20131109,426633.315,397729.186,143,71,0,103
20131110,414457.87,385731.94,145,72,0,75
20131111,398616.267,368434.946,153,70,0,79
20131112,401388.832,373644.322,160,70,0,98
20131113,392502.392,366153.015,161,56,0,94
20131114,399045.63,372288.496,152,58,0,97
20131115,410816.48,382849.867,152,74,0,60
20131116,414023,386159.644,161,74,0,70
20131117,406081.527,378057.166,154,77,0,68
20131118,408585.409,381202.161,156,71,0,62
20131119,424944.891,396841.203,145,78,0,36
20131120,429790.825,401269.114,136,69,0,90
20131121,427168.209,398094.993,131,62,0,86
20131122,430176.468,401131.197,110,56,0,96
20131123,418822.626,391209.121,122,51,0,101
20131124,403763.067,376502.787,115,58,0,97
20131125,369185.58,347157.882,113,68,0,97
20131126,386048.671,359537.48,131,66,0,69
20131127,319512.838,303298.142,137,62,0,77
20131128,310732.797,289226.365,98,75,0,1
20131129,348084.593,345640.161,89,86,32700,16
20131130,349536.255,327897.789,117,75,0,69
20131201,336529.749,315271.556,102,82,12,0
20131202,348796.599,327155.372,101,81,6,30
20131203,365043.005,341775.856,96,86,0,43
20131204,370597.577,341454.134,102,80,0,57
20131205,354017.708,324773.659,108,75,0,67
20131206,347569.102,325420.064,113,73,0,59
20131207,339468.398,318569.523,106,75,0,57
20131208,324052.657,304492.988,120,62,0,91
20131209,340227.562,319621.389,105,72,0,70
20131210,308185.384,289481.356,113,71,0,31
20131211,288835.316,270886.229,109,60,0,40
20131212,274023.637,257329.337,100,56,0,93
20131213,258176.392,242407.008,100,66,0,76
20131214,253266.446,235244.662,96,77,32700,39
20131215,241467.096,222621.992,60,87,51,0
20131216,254235.749,235887.605,15,80,50,0
20131217,258514.306,241410.444,21,81,0,59
20131218,258272.579,241491.713,26,76,0,52
20131219,259115.896,239403.176,26,76,0,57
20131220,240722.681,227728.238,39,74,0,69
20131221,223711.594,213559.275,54,76,0,46
20131222,206783.778,198960.135,69,73,0,82
20131223,211487.498,202632.46,71,74,0,81
20131224,205035.081,197403.106,75,76,0,62
20131225,208069.044,198906.532,88,73,0,63
20131226,202833.981,194174.935,77,77,0,38
20131227,200263.038,191360.597,88,75,0,44
20131228,199721.922,191037.135,94,76,0,76
20131229,184468.61,176309.945,102,67,0,88
20131230,203510.493,194640.073,93,67,0,92
20131231,209110.551,200369.051,97,59,0,92
20140101,143999.241,138562.558,91,57,0,91
20140102,184919.076,178254.832,112,51,0,96
20140103,240319.82,230715.196,101,50,0,96
20140104,240868.773,231638.888,79,65,0,92
20140105,231793.364,223117.503,96,64,0,97
20140106,237319.134,228068.398,111,51,0,97
20140107,249975.624,239838.827,111,45,0,96
20140108,251639.717,241853.926,92,55,0,94
20140109,252684.242,243568.577,95,63,0,94
20140110,244491.1,234965.023,109,55,0,96
20140111,244491.1,234965.023,109,44,0,98
20140112,244491.1,234965.023,94,56,32700,71
20140113,244491.1,234965.023,71,72,0,48
20140114,237683900.695,284768292.889,68,75,0,42
20140115,241395.272,222659.569,95,75,0,81
20140116,241395.272,222659.569,100,67,0,99
20140117,87119587.745,48187296.965,91,64,0,92
20140118,241357.103,220227.75,71,84,32700,0
20140119,230133.163,209865.304,79,77,0,78
20140120,230530.787,208896.194,41,87,28,0
20140121,229594.551,208545.402,39,80,0,64
20140122,222810.096,214654.352,66,75,0,72
20140123,214215.88,207078.229,92,69,0,89
20140124,214215.88,207078.229,126,51,0,100
20140125,198348.778,192056.611,125,54,0,100
20140126,189681.135,181392.962,124,62,0,98
20140127,174697.954,166259.387,123,60,0,100
20140128,145438.082,141912.929,124,47,0,97
20140129,97992.61,93977.739,118,43,0,99
20140130,83276.214,78662.462,113,56,0,100
20140131,83276.214,78662.462,124,48,0,100
20140201,83276.214,78662.462,134,33,0,103
20140202,83276.214,78662.462,129,31,0,103
20140203,83276.214,78662.462,121,38,0,102
20140204,83276.214,78662.462,117,45,0,104
20140205,83276.214,78662.462,138,36,0,105
20140206,83276.214,78662.462,146,36,0,103
20140207,176697.749,165544.222,139,34,0,103
20140208,187270.767,177423.624,136,41,0,92
20140209,197490.025,186732.631,140,37,0,90
20140210,209522.719,198681.412,135,38,0,40
20140211,225484.199,213528.872,126,42,0,86
20140212,217238.984,204735.896,148,33,0,75
20140213,218773.225,206455.797,140,35,0,85
20140214,229450.889,216873.873,128,44,0,103
20140215,218885.38,206589.373,148,39,0,93
20140216,198398.771,185422.619,166,38,0,61
20140217,204678.09,197544.117,144,58,7,0
20140218,213244.527,206025.424,117,72,93,75
20140219,229797.417,215827.726,74,66,6,74
20140220,226863.267,212131.756,93,69,0,89
20140221,221925.396,210148.641,128,56,0,98
20140222,208371.907,195275.247,146,39,0,99
20140223,198818.873,180480.783,154,45,0,102
20140224,202418.852,192641.557,173,39,0,83
20140225,222058.379,206070.246,159,40,0,99
20140226,220742.841,205573.005,147,42,0,100
20140227,233185.691,215740.288,163,33,0,97
20140228,207042.809,196138.598,167,38,0,101
20140301,213632.547,202044.088,173,36,0,102
20140302,198995.19,188173.569,171,36,0,85
20140303,223530.843,210758.893,180,31,0,103
20140304,235860.205,223764.876,173,36,0,106
20140305,242881.953,228785.521,169,44,0,61
20140306,241510.954,227169.016,159,49,32700,68
20140307,245603.602,230035.265,152,46,0,94
20140308,237714.819,221879.292,158,39,0,96
20140309,219335.165,206234.67,156,34,0,99
20140310,240050.012,227759.742,168,31,0,87
20140311,248849.555,236233.222,154,43,0,18
20140312,253933.592,240323.985,162,40,0,103
20140313,252612.356,239712.048,179,31,0,99
20140314,250090.974,237363.849,160,39,0,25
20140315,233589.921,222214.17,167,37,0,89
20140316,221691.768,210438.689,189,29,0,99
20140317,238680.736,225509.003,180,31,0,103
20140318,247338.82,236791.572,203,28,0,92
20140319,228281.884,216597.405,196,31,0,100
20140320,218238.036,208419.675,156,44,32700,66
20140321,219677.869,210301.368,145,51,32700,68
20140322,221961.491,213014.052,128,63,14,43
20140323,208257.59,199782.816,138,71,32700,71
20140324,233984.862,223260.866,131,69,31,61
20140325,243643.67,234397.147,155,48,0,100
20140326,240436.68,230509.741,162,46,0,63
20140327,246459.533,235233.754,171,47,0,89
20140328,237111.47,226909.172,188,44,0,93
20140329,212513.088,202984.638,186,47,0,48
20140330,193436.589,184168.29,215,32,0,93
20140331,201277.755,190384.832,205,31,0,69
20140401,257238.195,244896.404,193,38,32700,30
20140402,257015.2,246237.412,158,55,27,88
20140403,266987.315,251724.852,175,37,0,81
20140404,276452.019,264102.894,172,39,0,57
20140405,178774.205,170701.326,143,65,43,13
20140406,218265.339,207916.14,160,59,0,102
20140407,266228.918,255387.594,183,49,0,86
20140408,307693.389,291837.352,190,49,32700,44
20140409,330773.318,314677.27,191,52,32700,78
20140410,339767.164,321522.36,204,44,0,111
20140411,340626.683,324572.044,214,37,0,113
20140412,346345.965,329159.698,215,32,0,112
20140413,324273.216,306977.2,216,25,0,104
20140414,356210.641,338145.89,208,29,0,107
20140415,389599.464,369062.26,219,26,0,107
20140416,388638.827,369731.756,220,27,0,100
20140417,398544.315,376896.706,216,27,0,116
20140418,391291.176,370707.094,227,29,0,110
20140419,390743.053,370253.448,236,28,0,117
20140420,371359.961,353060.222,236,30,0,117
20140421,386678.774,367174.134,247,28,0,111
20140422,382188.568,363827.876,238,31,0,115
20140423,391000.504,371868.582,246,27,0,110
20140424,399270.37,378293.132,242,23,0,108
20140425,385955.169,363523.11,235,23,0,104
20140426,376272.673,354134.938,233,30,0,97
20140427,365221.522,347007.768,223,32,0,104
20140428,382195.988,363867.854,219,40,0,80
20140429,388647.427,367127.837,208,45,0,71
20140430,369255.039,348732.662,199,50,32700,94
20140501,184429.335,175448.081,220,48,0,100
20140502,230197.539,220426.266,216,52,0,82
20140503,308323.438,296432.086,194,64,32700,59
20140504,400432.296,379710.881,177,65,32,51
20140505,429580.757,406794.348,141,80,95,0
20140506,426055.343,405464.68,173,71,0,44
20140507,418819.98,397357.238,189,57,0,57
20140508,417372.662,395723.261,191,51,0,61
20140509,429464.459,411884.922,193,57,0,40
20140510,421999.616,396770.087,213,53,0,44
20140511,400678.183,379793.458,218,49,0,80
20140512,419799.432,400110.467,217,51,0,63
20140513,444835.947,419816.52,230,45,0,125
20140514,461822.974,436531.488,238,42,0,119
20140515,484503.005,457776.597,244,38,0,111
20140516,476775.479,450075.088,235,38,0,107
20140517,460628.243,434277.956,240,34,0,128
20140518,414836.573,391905.384,244,34,0,125
20140519,464322.761,437491.453,249,37,0,94
20140520,475355.809,447255.574,250,37,0,109
20140521,469458.833,442144.27,252,40,0,120
20140522,440118.123,413280.976,246,41,0,117
20140523,426186.705,396744.585,252,36,0,125
20140524,414222.095,388061.431,259,39,0,113
20140525,403036.686,376539.139,264,42,0,114
20140526,439298.629,409653.962,263,43,0,115
20140527,472111.909,444254.885,251,50,32700,69
20140528,486216.169,460378.253,246,58,9,87
20140529,499803.741,470853.67,265,42,0,116
20140530,501020.691,470683.402,270,40,0,105
20140531,466208.958,434026.175,262,42,0,113
20140601,342525.231,324331.331,264,43,0,108
20140602,236437.203,224867.751,267,44,0,113
20140603,406556.158,384007.336,275,41,0,122
20140604,478408.421,450403.188,274,39,0,107
20140605,487883.682,459294.832,267,45,0,47
20140606,481522.448,456093.05,241,58,32700,33
20140607,462875.185,437111.323,190,85,162,0
20140608,403252.16,381291.01,211,82,270,36
20140609,437086.251,409876.068,238,65,2,63
20140610,491309.268,461328.987,233,63,6,41
20140611,508128.686,479438.681,193,83,337,0
20140612,499073.807,470423.023,215,71,2,0
20140613,502671.685,474302.622,209,74,4,4
20140614,480667.704,452695.662,217,75,52,59
20140615,450090.925,423577.806,230,68,2,61
20140616,472857.885,444804.225,203,82,17,28
20140617,525061.141,493325.606,185,79,170,0
20140618,500498.269,470867.833,209,79,60,45
20140619,548125.233,515630.585,214,79,48,42
20140620,547418.329,515112.347,226,67,2,22
20140621,461009.273,435147.894,234,64,4,30
20140622,419695.719,397430.03,235,64,0,24
20140623,516756.956,486915.594,244,61,1,58
20140624,521490.914,490987.392,242,65,1,92
20140625,543315.44,509639.915,230,70,0,53
20140626,534929.295,503829.225,240,64,2,69
20140627,523164.98,493454.575,245,60,8,43
20140628,477938.404,452227.719,224,73,289,0
20140629,463784.049,437209.669,196,90,67,0
20140630,524740.889,492456.905,210,81,14,20
20140701,554757.859,516920.494,217,77,19,52
20140702,583576.25,547159.931,210,86,424,0
20140703,581484.045,544238.801,224,74,7,29
20140704,585985.741,549461.265,219,75,2,31
20140705,532388.04,496383.641,237,72,32700,43
20140706,518949.574,485604.73,239,73,0,22
20140707,576315.753,534632.224,228,77,2,24
20140708,616402.893,573216.444,235,74,2,52
20140709,615707.31,573717.424,244,65,2,109
20140710,625668.053,582120.133,248,62,0,91
20140711,631574.416,589733.255,219,78,119,13
20140712,619807.621,579166.153,208,87,394,0
20140713,572468.764,535314.195,204,82,30,18
20140714,614377.075,574486.044,202,87,117,0
20140715,639852.705,597221.732,206,82,84,0
20140716,637217.838,595669.882,210,84,15,18
20140717,599615.778,560662.962,216,80,32700,33
20140718,548558.045,515072.325,220,75,8,44
20140719,529426.731,496518.868,221,77,130,65
20140720,546091.132,513099.263,202,86,294,0
20140721,612295.589,573836.506,195,84,44,9
20140722,656418.436,614542.921,183,90,198,13
20140723,675219.062,631839.69,193,83,10,19
20140724,687278.784,643508.145,205,74,0,89
20140725,683461.99,638632.568,220,73,1,65
20140726,638621.303,596776.518,218,77,1,57
20140727,624294.178,583263.806,215,73,1,83
20140728,632596.719,590556.963,204,79,89,35
20140729,662206.833,620018.53,195,89,134,43
20140730,659578.493,617478.424,216,78,0,89
20140731,662016.716,620302.175,226,76,0,73
20140801,669031.695,627202.141,202,88,61,7
20140802,636665.716,596953.287,194,90,179,1
20140803,620169.739,581193.569,211,82,147,23
20140804,637339.593,594640.995,215,79,0,77
20140805,691225.743,646620.777,202,87,158,23
20140806,693328.551,648330.018,209,84,4,55
20140807,700609.96,654820.41,223,77,67,72
20140808,699102.736,654032.726,233,74,0,106
20140809,685771.126,641694.191,231,71,0,53
20140810,664404.153,622426.357,227,70,0,18
20140811,690357.347,647022.92,229,68,0,56
20140812,700099.309,654945.932,211,79,25,0
20140813,696230.981,651984.785,183,82,244,14
20140814,660539.237,618453.806,199,71,0,23
20140815,662083.847,620250.596,192,77,0,0
20140816,655232.051,613897.344,208,78,0,47
20140817,648317.385,607849.768,218,75,0,42
20140818,685829.367,641334.842,203,80,125,0
20140819,706086.704,659341.13,189,91,259,0
20140820,708903.357,663033.362,201,77,0,43
20140821,700425.76,657804.971,197,75,0,53
20140822,701144.549,656213.33,210,76,0,35
20140823,699288.471,654036.891,213,76,32700,19
20140824,661794.384,619779.677,190,83,0,0
20140825,644143.64,602721.877,185,84,117,0
20140826,633107.274,588741.22,194,87,111,13
20140827,621135.338,580507.096,207,74,1,47
20140828,648140.578,605953.406,208,75,81,64
20140829,633354.556,592939.33,197,78,77,11
20140830,602108.867,564740.428,196,80,32700,15
20140831,576791.463,543339.067,212,72,0,67
20140901,597363.562,560606.216,215,72,0,81
20140902,601215.937,565360.214,213,74,0,83
20140903,600736.914,565186.564,210,78,160,49
20140904,602684.104,566295.431,212,75,0,70
20140905,601544.396,565497.429,215,77,6,42
20140906,591391.841,551825.161,213,79,0,35
20140907,549966.225,513126.013,217,72,32700,82
20140908,462343.707,434035.478,215,70,0,83
20140909,554567.123,518934.446,212,75,35,79
20140910,641823.605,603410.784,198,83,184,29
20140911,644749.107,605584.455,210,76,0,59
20140912,642789.992,604201.514,219,67,0,105
20140913,633242.12,594832.289,211,71,0,82
20140914,615237.756,578814.772,214,72,32700,63
20140915,632667.473,594902.342,226,69,0,96
20140916,542396.374,512068.921,213,75,88,68
20140917,564994.593,530561.693,178,90,129,0
20140918,630830.624,591761.325,175,93,401,0
20140919,649631.128,605023.877,197,84,33,29
20140920,648347.038,609434.046,193,87,37,0
20140921,637194.592,598711.007,197,86,20,0
20140922,653813.581,613675.255,180,90,165,0
20140923,679120.57,637377.622,196,81,0,25
20140924,696535.233,653296.102,170,91,189,0
20140925,700874.179,657556.065,171,88,50,11
20140926,697150.588,653575.878,187,85,31,29
20140927,663598.648,623833.744,198,78,0,42
20140928,656541.315,619419.638,205,68,0,105
20140929,685724.285,647064.717,201,72,0,77
20140930,669272.214,633025.639,192,79,34,57
20141001,472728.555,446896.788,198,72,0,86
20141002,457469.652,429582.029,180,79,99,37
20141003,526629.27,496979.008,192,74,1,88
20141004,587158.938,553875.96,186,74,0,53
20141005,604966.639,570186.527,179,66,0,76
20141006,618743.175,583601.71,159,65,0,71
20141007,616243.18,580324.672,157,67,0,97
20141008,639381.434,601353.039,166,69,0,96
20141009,623755.226,587655.522,175,73,0,94
20141010,613258.728,580797.678,186,73,0,78
20141011,621675.028,590208.539,190,74,8,59
20141012,595733.356,566746.577,189,78,0,53
20141013,598646.055,567502.702,156,89,10,0
20141014,610386.469,576177.209,159,85,0,10
20141015,603829.666,569267.135,176,80,0,44
20141016,602399.172,567728.492,185,79,0,66
20141017,594262.743,563260.699,188,75,0,78
20141018,596236.558,561528.185,187,73,0,68
20141019,572362.409,537762.624,169,82,22,14
20141020,589457.59,558901.239,178,66,6,94
20141021,604693.466,573472.388,161,67,0,106
20141022,602811.776,571906.426,161,71,0,99
20141023,600857.435,569047.561,173,69,0,69
20141024,596021.233,565826.654,168,67,0,92
20141025,570553.061,540756.672,159,66,0,88
20141026,542606.687,514910.441,158,67,0,90
20141027,538322.265,512342.292,155,76,0,34
20141028,567953.9,539207.18,153,83,36,0
20141029,553009.038,525276.34,133,90,71,14
20141030,552917.982,524825.553,147,80,0,60
20141031,538123.61,511763.9,166,79,32700,15
20141101,515628.628,490383.62,176,70,0,89
20141102,451644.964,430815.896,156,69,0,90
20141103,469736.011,448178.084,169,71,0,64
20141104,464824.33,443341.489,166,74,0,31
20141105,461266.118,439173.252,154,76,0,11
20141106,460674.489,437614.737,140,85,8,0
20141107,465834.201,441345.231,156,79,269,76
20141108,461269.801,440364.839,152,75,0,86
20141109,441169.094,418145.104,147,66,0,85
20141110,446897.55,427471.703,142,70,0,102
20141111,457027.047,426220.7,140,74,0,81
20141112,461204.361,432711.54,147,73,0,98
20141113,461322.894,438027.907,145,73,0,101
20141114,462923.092,439514.223,147,70,0,96
20141115,458444.442,433266.656,142,60,0,93
20141116,418610.406,396076.713,147,74,0,38
20141117,455148.339,434765.506,150,76,12,37
20141118,413279.524,395163.453,154,73,0,79
20141119,407399.053,389062.852,141,75,0,92
20141120,411125.115,392279.728,139,72,0,81
20141121,415479.534,396110.15,124,67,0,93
20141122,408671.183,389746.344,139,61,0,90
20141123,366604.363,351162.304,129,64,0,99
20141124,401278.973,382186.735,128,58,0,100
20141125,406840.403,387717.257,120,60,0,99
20141126,406425.441,387495.746,116,63,0,99
20141127,401783.992,381326.603,123,57,0,103
20141128,400315.138,381818.39,115,61,0,99
20141129,393835.105,376191.226,122,56,0,100
20141130,368725.124,352530.779,114,60,0,89
20141201,383366.846,366282.676,112,68,0,91
20141202,391681.661,373909.344,113,67,0,96
20141203,397375.798,378027.601,113,69,0,84
20141204,408000.878,388369.022,115,77,0,47
20141205,410069.447,393121.614,133,75,0,91
20141206,412102.45,392404.811,142,59,0,93
20141207,366845.219,350951.053,102,69,0,51
20141208,398941.603,381786.439,118,71,0,49
20141209,404144.869,386392.167,123,68,0,98
20141210,396165.837,378946.528,120,69,0,94
20141211,396550.528,379284.724,129,65,0,92
20141212,393440.831,377177.363,110,72,0,87
20141213,390190.119,372705.061,114,74,0,77
20141214,355976.236,341219.564,120,67,0,97
20141215,386827.623,371277.218,144,57,0,96
20141216,383256.192,366968.992,80,77,0,0
20141217,379585.422,362818.074,37,92,20,0
20141218,365360.349,347641.81,46,91,78,0
20141219,358468.968,341449.539,78,74,0,43
20141220,346022.81,329927.803,67,77,0,63
20141221,349140.048,333783.834,59,75,0,0
20141222,370652.956,354697.691,72,74,0,62
20141223,375841.13,359930.57,84,69,0,89
20141224,375450.904,357131.73,93,67,0,92
20141225,368207.982,352298.96,100,68,0,73
20141226,321485.258,308068.208,105,70,0,89
20141227,303627.087,289184.989,97,69,0,88
20141228,303130.006,289367.859,83,71,0,0
20141229,304361.334,289346.088,90,73,0,69
20141230,350488.355,332246.424,109,66,0,66
20141231,279391.846,267898.831,120,67,0,28
20150101,195886.158,188874.383,104,82,0,0
20150102,254359.86,245108.197,116,76,0,79
20150103,309543.848,298365.603,138,69,0,90
20150104,310171.728,298348.75,147,63,0,91
20150105,298457.646,286413.82,149,61,32700,8
20150106,306146.816,290357.95,124,59,0,74
20150107,304970.909,291620.571,115,66,0,81
20150108,304216.911,290705.096,108,75,19,43
20150109,292113.379,277537.012,43,94,839,0
20150110,294900.748,280470.721,16,95,117,0
20150111,269575.834,257146.706,50,79,1,8
20150112,283742.652,270722.489,52,77,0,72
20150113,299328.378,286439.447,53,81,0,60
20150114,300762.328,288418.414,65,76,0,63
20150115,298017.852,285180.168,86,71,0,94
20150116,290551.181,278330.048,95,73,0,51
20150117,286540.58,273830.483,87,88,32700,0
20150118,259683.102,248552.513,73,93,265,0
20150119,282867.57,271115.42,36,94,165,0
20150120,288115.265,277315.918,83,78,0,66
20150121,289052.222,277599.718,84,71,0,71
20150122,281565.316,269691.205,91,68,0,74
20150123,279443.096,268015.766,115,51,0,97
20150124,264813.215,253686.241,122,46,0,98
20150125,247793.66,237484.151,111,54,0,98
20150126,265038.235,253818.168,109,56,0,98
20150127,277142.307,266025.218,119,52,0,97
20150128,279027.552,267237.287,139,42,0,101
20150129,275848.113,264579.974,134,44,0,99
20150130,276434.439,265772.015,121,55,0,91
20150131,267318.941,256302.444,133,56,0,53
20150201,248975.399,238349.751,94,77,9,43
20150202,279850.841,267944.736,106,70,11,71
20150203,267445.053,255356.242,109,54,0,95
20150204,277196.199,264840.863,108,57,0,95
20150205,291983.898,280303.576,115,51,0,96
20150206,290833.999,278840.643,109,55,0,96
20150207,293432.591,279936.473,113,42,0,78
20150208,260057.016,247090.979,94,69,0,56
20150209,286580.685,270874.372,113,57,0,98
20150210,293272.177,277424.668,127,47,0,101
20150211,261779.415,248053.651,124,52,0,78
20150212,227093.382,218182.925,112,65,0,95
20150213,213999.493,205807.711,108,72,30,84
20150214,192748.525,184070.021,105,57,1,90
20150215,177438.21,169373.14,108,55,0,106
20150216,153518.113,146721.739,101,59,0,67
20150217,139338.186,134071.83,105,58,0,104
20150218,105193.532,101259.207,110,54,0,99
20150219,89443.891,85821.054,125,50,0,92
20150220,87630.42,83848.493,128,48,0,81
20150221,95083.655,90627.667,123,49,0,103
20150222,107401.991,103805.79,146,38,0,102
20150223,117887.545,114370.286,149,42,0,107
20150224,125344.201,119985.894,152,44,0,107
20150225,134778.618,129776.773,158,42,0,108
20150226,203512.052,195051.804,168,45,0,102
20150227,246902.298,234997.742,180,39,0,105
20150228,272868.13,260371.592,180,40,0,107
20150301,317123.927,303643.049,175,43,0,106
20150302,408481.186,389353.283,197,32,0,100
20150303,434579.084,414735.704,184,34,0,109
20150304,443651.534,423943.644,186,30,0,92
20150305,435072.014,412030.671,175,33,0,110
20150306,441606.392,425230.918,163,38,0,110
20150307,446429.017,422618.217,181,26,0,109
20150308,414361.092,392955.626,175,32,0,110
20150309,438818.042,413867.01,179,32,0,107
20150310,461397.667,434249.259,179,33,0,110
20150311,471807.556,445670.653,189,33,0,104
20150312,483423.82,455990.199,189,23,0,112
20150313,497081.456,469028.36,175,26,0,110
20150314,493604.92,465688.493,197,22,0,101
20150315,452764.995,427587.676,192,31,0,107
20150316,478011.695,450585.054,196,36,0,110
20150317,494419.995,465385.021,207,31,0,102
20150318,474196.612,444221.995,196,34,0,112
20150319,476537.257,446680.895,192,30,0,108
20150320,481797.297,452318.669,185,34,0,113
20150321,468202.468,438075.507,176,40,0,108
20150322,417765.928,392649.997,185,38,0,108
20150323,431011.881,407010.124,190,38,0,94
20150324,410825.961,386739.361,165,66,44,24
20150325,402857.477,380027.77,136,74,236,72
20150326,383113.259,358957.157,148,73,11,61
20150327,407955.75,384306.496,149,67,2,44
20150328,420300.336,396071.769,161,65,0,87
20150329,379076.775,357956.515,176,55,15,71
20150330,433412.885,407853.871,178,57,0,112
20150331,459289.264,431429.877,194,47,0,76
20150401,510327.759,478382.223,197,43,0,76
20150402,539040.691,504571.606,185,41,0,73
20150403,514941.794,480415.483,173,45,0,87
20150404,387606.826,362515.136,181,50,0,60
20150405,241852.052,229542.109,185,46,0,43
20150406,378677.822,357134.258,167,61,29,68
20150407,480752.563,452582.315,176,59,0,69
20150408,493125.618,459297.305,189,47,0,87
20150409,498436.948,466136.185,191,43,0,65
20150410,494624.058,463056.173,177,56,0,90
20150411,475243.511,447107.06,180,54,0,66
20150412,422186.888,397706.048,129,62,32700,28
20150413,452530.992,424684.837,169,50,0,91
20150414,472466.946,443515.2,187,51,0,66
20150415,477588.273,448952.403,213,43,0,111
20150416,482917.832,452740.402,208,45,0,99
20150417,485206.032,455620.013,225,34,0,95
20150418,484338.409,456327.608,204,45,0,73
20150419,450169.384,422697.915,195,52,7,57
20150420,437048.709,409379.276,202,44,0,123
20150421,496960.284,466000.118,198,48,32700,90
20150422,495883.975,462060.514,163,67,6,56
20150423,509085.931,474615.474,168,70,5,50
20150424,510275.617,475656.118,175,60,0,85
20150425,502944.634,468303.249,170,69,1,18
20150426,486804.413,453462.42,168,75,12,7
20150427,518729.409,483627.335,171,69,2,58
20150428,505433.777,470866.956,182,54,0,81
20150429,501673.858,467753.037,176,56,0,81
20150430,491858.565,459122.565,198,45,0,100
20150501,270417.139,256111.516,207,40,0,124
20150502,321030.481,303324.655,214,38,0,124
20150503,402029.609,379784.442,228,36,0,125
20150504,511582.695,477179.518,228,35,0,120
20150505,482653.473,451043.067,228,32,0,121
20150506,485754.759,452796.789,229,32,0,122
20150507,481118.37,448179.966,231,32,0,114
20150508,479480.92,446875.873,228,32,0,101
20150509,465892.731,434292.424,193,57,0,56
20150510,409971.084,384025.092,208,49,0,122
20150511,443472.156,414056.58,224,44,0,113
20150512,433627.109,408364.193,241,40,0,101
20150513,449109.309,423676.797,241,41,0,117
20150514,482883.245,455265.764,234,43,0,121
20150515,466081.456,436165.145,229,47,2,25
20150516,436559.209,409202.689,229,55,0,74
20150517,406097.984,383866.109,244,43,0,99
20150518,417114.509,392665.132,246,42,0,82
20150519,438136.156,410677.551,231,51,32700,27
20150520,451085.067,421303.255,226,59,1,33
20150521,431186.686,406640.607,208,74,18,20
20150522,429006.156,403521.343,212,78,21,38
20150523,404799.344,380234.917,215,66,0,74
20150524,380019.161,356403.439,234,49,0,116
20150525,441328.107,413455.892,237,44,0,119
20150526,485211.229,455486.693,245,42,0,125
20150527,516529.534,486247.346,241,46,0,119
20150528,514608.786,484017.993,239,44,0,122
20150529,557705.601,526225.274,252,40,0,117
20150530,551854.193,517954.431,251,45,32700,118
20150531,437188.697,412595.743,247,46,0,112
20150601,487459.01,460194.233,243,45,0,112
20150602,558793.009,526900.425,254,42,0,118
20150603,575866.246,541966.643,257,44,0,119
20150604,579407.034,544260.145,263,47,0,99
20150605,605558.975,568650.651,252,54,10,79
20150606,586691.024,551079.201,252,49,0,116
20150607,544589.418,514049.603,248,47,0,116
20150608,541134.403,509738.67,245,53,0,53
20150609,585719.108,551394.026,249,51,0,63
20150610,576109.531,544598.517,243,49,0,63
20150611,599169.569,561772.908,196,74,208,0
20150612,608312.566,571049.166,199,80,89,29
20150613,605116.322,568059.341,210,71,32700,20
20150614,534671.259,504098.397,228,61,32700,72
20150615,544400.191,509878.358,228,63,0,98
20150616,543534.2,509071.22,220,67,0,61
20150617,577205.54,540224.297,229,63,0,56
20150618,571187.358,533897.522,227,66,3,69
20150619,581841.988,542777.896,218,77,112,47
20150620,376220.177,354384.238,248,57,32700,113
20150621,417134.667,390493.92,238,62,40,62
20150622,455532.226,425981.206,243,66,20,94
20150623,555456.165,518136.195,254,54,0,123
20150624,589011.762,551509.978,259,53,0,115
20150625,575879.066,544138.416,245,63,97,71
20150626,590497.452,557862.61,235,68,0,71
20150627,593322.007,560878.292,232,66,0,106
20150628,571092.227,540917.992,244,58,32700,96
20150629,634979.188,602017.142,243,56,0,92
20150630,683714.973,645200.86,243,56,0,69
20150701,714786.812,676031.99,,,,
20150702,691184.774,652356.788,,,,
20150703,693326.041,653942.689,,,,
20150704,672663.258,633502.337,,,,
20150705,592111.315,562977.6,,,,
20150706,642420.9,611462.585,,,,
20150707,637118.408,600208.672,,,,
20150708,638229.237,606197.15,,,,
20150709,538690.74,509275.328,,,,
20150710,533937.078,505014.985,,,,
20150711,567184.677,539588.276,,,,
20150712,540537.078,513176.983,,,,
20150713,636081.039,601691.358,,,,
20150714,666319.102,628171.105,,,,
20150715,649083.62,612769.859,,,,
20150716,661887.46,627184.487,,,,
20150717,670661.895,634498.282,,,,
20150718,575239.753,543803.182,,,,
20150719,545656.305,516138.081,,,,
20150720,616950.656,583848.026,,,,
20150721,592055.505,561016.965,,,,
20150722,582658.951,550845.833,,,,
20150723,615821.222,582663.77,,,,
20150724,543225.625,512897.314,,,,
20150725,520009.14,492434.083,,,,
20150726,484771.531,461354.817,,,,
20150727,548346.002,521666.546,,,,
20150728,564566.597,534022.853,,,,
20150729,541502.351,512910.066,,,,
20150730,553363.145,524099.709,,,,
20150731,556613.59,526726.029,,,,
20150801,562247.187,528285.287,,,,
20150802,490092.142,462470.5,,,,
20150803,548360.021,519620.572,,,,
20150804,591955.948,558449.118,,,,
20150805,580163.081,549293.803,,,,
20150806,613982.031,578823.031,,,,
20150807,630773.081,595040.399,,,,
20150808,620326.09,584817.997,,,,
20150809,598414.246,564753.723,,,,
20150810,624859.25,590618.193,,,,
20150811,646441.026,610069.721,,,,
20150812,639813.587,603901.408,,,,
20150813,625354.605,589402.091,,,,
20150814,625494.673,590790.81,,,,
20150815,599463.586,567463.877,,,,
20150816,567387.891,536199.005,,,,
20150817,615027.872,580815.319,,,,
20150818,648849.818,611954.745,,,,
20150819,653762.471,615804.419,,,,
20150820,649452.696,613240.231,,,,
20150821,661307.706,623481.861,,,,
20150822,672164.59,632768.319,,,,
20150823,563253.573,525704.879,,,,
20150824,629397.218,596847.923,,,,
20150825,687675.223,648104.899,,,,
20150826,695709.025,653650.657,,,,
20150827,674853.155,638086.596,,,,
20150828,684736.354,644105.761,,,,
20150829,638143.247,599407.102,,,,
20150830,587394.569,553120.87,,,,
20150831,627528.953,589780.495,,,,
20150901,627096.573,586938.343,,,,
20150902,631062.37,597175.611,,,,
20150903,454517.471,431921.609,,,,
20150904,543287.108,516945.476,,,,
20150905,632865.87,598046.857,,,,
20150906,683924.227,644854.798,,,,
20150907,722535.871,681203.703,,,,
20150908,710913.411,671082.708,,,,
20150909,687242.219,648072.139,,,,
20150910,705170.184,663630.317,,,,
20150911,692128.552,651496.341,,,,
20150912,634103.819,593421.704,,,,
20150913,615173.245,574874.634,,,,
20150914,672018.941,630385.414,,,,
20150915,705443.556,663535.237,,,,
20150916,694647.639,654021.982,,,,
20150917,726350.944,684359.608,,,,
20150918,728758.485,684629.574,,,,
20150919,676904.923,638651.872,,,,
20150920,657371.366,621384.354,,,,
20150921,686816.489,652547.264,,,,
20150922,720525.177,679404.565,,,,
20150923,720543.624,679713.829,,,,
20150924,719588.304,677303.221,,,,
20150925,715310.191,673710.247,,,,
20150926,579439.957,549945.296,,,,
20150927,396504.543,375253.038,,,,
20150928,588713.096,562035.965,,,,
20150929,670869.512,634181.921,,,,
20150930,673208.552,636200.652,,,,
20151001,429823.961,409616.4864,,,,
20151002,387541.5,366556.807,,,,
20151003,440588.908,416500.369,,,,
20151006,498728.619,477185.389,,,,
20151007,565182.663,539473.961,,,,
20151008,630937.198,599859.407,,,,
20151009,647249.087,610275.995,,,,
20151010,623031.82,586680.0275,,,,
20151011,562665.442,531564.978,,,,
20151012,637634.645,602030.029,,,,
20151013,660870.315,623726.227,,,,
20151014,676286.328,639500.476,,,,
20151015,679563.078,640798.939,,,,
20151016,685302.889,647886.562,,,,
20151017,681521.75,644402.58975,,,,
20151018,650786.596,617736.2985,,,,
20151019,674520.051,638061.5535,,,,
20151020,696703.235,657591.50525,,,,
20151021,697579.846,658186.7605,,,,
20151022,702312.37,662926.45025,,,,
20151023,717814.18,676468.867,,,,
20151024,706270.735,666294.583,,,,
20151025,667038.682,629951.515,,,,
20151026,686444.81,647266.285,,,,
20151027,708588.716,669613.277,,,,
20151028,708961.478,669496.236,,,,
20151029,711161.251,671331.032,,,,
20151030,701639.998,661782.522,,,,
20151031,653898.493,611177.303,,,,
20151101,482848.952,458665.101,,,,
20151102,509981.114,483829.872,,,,
20151103,544732.794,517516.167,,,,
20151104,564796.23,535176.557,,,,
20151105,560079.098,532611.826,,,,
20151106,567486.422,539196.884,,,,
20151107,569403.467,540233.537,,,,
20151108,520337.45,494189.726,,,,
20151109,545510.907,517675.871,,,,
20151110,563378.709,533773.087,,,,
20151111,528100.629,497412.02,,,,
20151112,533514.85,505682.578,,,,
20151113,525015.383,497098.563,,,,
20151114,512599.876,486319.933,,,,
20151115,462736.901,440174.831,,,,
20151116,498395.97,473358.362,,,,
20151117,516929.213,491243.736,,,,
20151118,469243.912,445230.98,,,,
20151119,470605.612,445801.097,,,,
20151120,479328.395,455253.353,,,,
20151121,471780.104,448226.47,,,,
20151122,409837.013,393519.031,,,,
20151123,440360.956,420053.063,,,,
20151124,458840.443,437874.082,,,,
20151125,447858.766,428109.392,,,,
20151126,443352.194,423234.751,,,,
20151129,391185.434,372944.407,,,,
20151130,431584.145,411335.495,,,,
20151201,475008.45,453402.157,,,,
20151202,450368.495,429968.762,,,,
20151203,467714.12,445131.067,,,,
20151204,468002.75,446055.075,,,,
20151205,440632.581,421482.542,,,,
20151206,420456.609,404203.998,,,,
20151207,451958.005,433586.776,,,,
20151208,483662.591,462094.598,,,,
20151209,481213.475,460398.113,,,,
20151210,459023.86,438825.761,,,,
20151211,414055.822,396984.771,,,,
20151212,401204.175,385429.054,,,,
20151213,362874.481,349720.548,,,,
20151214,387758.497,372882.011,,,,
20151215,399256.522,384422.405,,,,
20151216,396497.747,381783.041,,,,
20151217,381838.032,366084.779,,,,
20151220,338153.325,325356.529,,,,
20151221,370697.9,357169.929,,,,
20151222,376794.708,361870.359,,,,
20151223,380992.765,364507.144,,,,
20151224,380231.683,365409.841,,,,
20151225,332758.76,321919.426,,,,
20151226,323654.069,309985.949,,,,
20151227,280555.898,270865.899,,,,
20151228,318859.817,306787.127,,,,
20151229,295783.509,283793.655,,,,
20151230,269915.943,260224.315,,,,
20151231,265877.792,257631.003,,,,
20160101,218232.498,211008.171,,,,
20160102,256135.984,247616.965,,,,
20160103,322746.973,309997.778,,,,
20160104,370446.856,355088.912,,,,
20160105,412227.423,394714.57,,,,
20160106,413282.865,395697.549,,,,
20160107,412979.548,395172.606,,,,
20160108,409899.851,391844.622,,,,
20160109,356272.029,339072.507,,,,
20160110,343929.774,327093.873,,,,
20160111,372770.176,357680.215,,,,
20160112,426897.424,408837.806,,,,
20160113,427955.975,408712.627,,,,
20160114,431538.662,411928.642,,,,
20160115,430705.01,410009.663,,,,
20160116,425603.744,404141.094,,,,
20160117,400847.71,384261.597,,,,
20160118,410778.992,392082.877,,,,
20160119,425335.958,405840.948,,,,
20160120,422411.652,403058.491,,,,
20160121,414192.641,398063.937,,,,
20160122,423211.652,401383.813,,,,
20160123,422802.852,398572.147,,,,
20160124,311352.146,296611.219,,,,
20160125,393908.923,376269.358,,,,
20160126,374222.104,354496.266,,,,
20160127,369622.223,350641.525,,,,
20160128,357308.549,337529.894,,,,
20160129,304246.396,289181.891,,,,
20160130,289021.083,274666.842,,,,
20160201,229057.632,216511.962,,,,
20160202,234198.492,222001.962,,,,
20160203,243099.504,229633.672,,,,
20160204,227733.572,215591.937,,,,
20160205,182522.483,175768.974,,,,
20160206,148332.976,140087.303,,,,
20160207,130231.518,125109.619,,,,
20160208,117540.926,112786.917,,,,
20160209,119325.968,115323.983,,,,
20160212,166361.16,160756.923,,,,
20160213,166988.802,161881.651,,,,
20160214,197680.826,190233.079,,,,
20160216,271007.551,257225.17,,,,
20160217,292317.597,276412.901,,,,
20160218,313082.448,296407.993,,,,
20160219,314493.972,297597.85,,,,
20160220,312002.286,295373.322,,,,
20160221,288341.55,272790.361,,,,
20160222,307074.647,289740.927,,,,
20160223,341471.891,323304.854,,,,
20160224,346050.465,329004.779,,,,
20160225,340067.778,320497.99,,,,
20160226,345545.789,327042.715,,,,
20160227,344142.282,327567.431,,,,
20160228,274509.416,260440.58,,,,
20160229,353067.304,333045.366,,,,
20160301,411554.08,389504.592,,,,
20160302,430920.323,406645.015,,,,
20160303,438567.443,415267.205,,,,
20160304,448236.697,423435.782,,,,
20160305,436857.516,410977.994,,,,
20160306,407005.84,382529.098,,,,
20160307,438322.728,413275.619,,,,
20160308,435247.767,415400.195,,,,
20160309,454988.794,429951.006,,,,
20160310,469656.574,443456.597,,,,
20160311,478464.737,448565.657,,,,
20160312,447648.833,420320.027,,,,
20160313,405276.827,382257.874,,,,
20160314,419416.114,394244.053,,,,
20160315,447044.327,421321.467,,,,
20160316,446066.085,421917.683,,,,
20160317,440059.121,415866.449,,,,
20160318,398053.284,380031.13,,,,
20160319,389622.606,371908.545,,,,
20160320,352818.531,336383.134,,,,
20160321,383969.495,363379.721,,,,
20160322,407969.217,388846.323,,,,
20160323,431958.709,412203.104,,,,
20160324,449079.72,426863.775,,,,
20160325,423683.795,402291.97,,,,
20160326,413956.834,391919.316,,,,
20160327,387644.384,370423.095,,,,
20160328,417863.842,397143.931,,,,
20160329,427310.253,406246.023,,,,
20160330,461362.831,438527.078,,,,
20160331,469566.245,445850.128,,,,
20160401,496202.645,470045.801,,,,
20160402,487833.678,462345.366,,,,
20160403,415726.545,394993.086,,,,
20160404,268079.62,255421.051,,,,
20160405,420899.495,398816.922,,,,
20160406,482247.559,456437.722,,,,
20160407,461664.12,436760.229,,,,
20160408,466167.492,442769.426,,,,
20160409,449622.22,425197.751,,,,
20160410,439586.181,416270.746,,,,
20160411,431654.42,410601.72,,,,
20160412,460008.234,435874.323,,,,
20160413,473184.407,448756.412,,,,
20160414,474537.96,451232.08,,,,
20160415,473610.929,451578.28,,,,
20160416,439507.966,415558.947,,,,
20160417,373443.067,356377.52,,,,
20160418,414338.53,395974.764,,,,
20160419,428665.789,409919.043,,,,
20160420,455438.345,433137.911,,,,
20160421,466538.821,442228.496,,,,
20160422,474401.83,448337.419,,,,
20160423,466415.277,439779.73,,,,
20160424,390212.579,371475.779,,,,
20160425,411799.486,389353.146,,,,
20160426,443243.961,417109.871,,,,
20160427,502650.104,477685.648,,,,
20160428,495058.605,470188.353,,,,
20160429,452050.543,429765.645,,,,
20160430,351660.925,338294.335,,,,
20160501,230610.707,220991.16,,,,
20160502,291718.93,278325.534,,,,
20160503,386337.698,366483.951,,,,
20160504,513419.055,487895.194,,,,
20160505,520086.108,493954.115,,,,
20160506,540743.329,513607.131,,,,
20160507,547685.469,522523.176,,,,
20160508,479829.079,456912.158,,,,
20160509,545436.432,521774.854,,,,
20160510,513714.37,488418.284,,,,
20160511,485784.152,461123.474,,,,
20160512,529841.999,502203.383,,,,
20160513,516294.393,488692.354,,,,
20160514,524660.353,498385.27,,,,
20160515,462269.182,439861.899,,,,
20160516,491317.262,468147.483,,,,
20160517,487310.7175,461849.509,,,,
20160518,536586.9175,509267.26,,,,
20160519,552038.57,521847.707,,,,
20160520,549363.751,518708.879,,,,
20160521,501972.575,476962.91,,,,
20160522,426966.104,407917.055,,,,
20160523,533339.752,503745.326,,,,
20160524,581539.23,549288.095,,,,
20160525,625835.364,589573.404,,,,
20160526,637707.576,604431.202,,,,
20160527,599442.198,568143.185,,,,
20160528,534813.885,507840.827,,,,
20160529,479862.04,455785.893,,,,
20160530,568957.9005,538211.081,,,,
20160531,621841.186,586585.531,,,,
20160601,613044.309,574333.398,,,,
20160602,638432.84,599604.01,,,,
20160603,638152.9655,599940.089,,,,
20160604,615710.9185,581885.798,,,,
20160605,470979.997,447474.13,,,,
20160606,552251.072,521607.861,,,,
20160607,606685.7385,572972.86,,,,
20160608,584774.4805,552851.206,,,,
20160609,304108.1465,287099.513,,,,
20160610,335875.918,320523.011,,,,
20160611,457358.26,435875.178,,,,
20160612,537542.325,507936.176,,,,
20160613,587317.1985,557201.266,,,,
20160614,626010.7265,591371.533,,,,
20160615,606867.4645,573706.377,,,,
20160616,595874.5085,563682.786,,,,
20160617,602338.406,571642.517,,,,
20160618,551094.4415,514482.418,,,,
20160619,450680.5045,426359.622,,,,
20160620,546787.174,518085.428,,,,
20160621,601221.662,567825.194,,,,
20160622,605260.397,571027.215,,,,
20160623,630100.277,595287.317,,,,
20160624,637472.322,601235.712,,,,
20160625,626459.808,591831.242,,,,
20160626,546417.367,518716.301,,,,
20160627,593384.7445,562091.289,,,,
20160628,669816.586,632362.573,,,,
20160629,670049.236,629146.008,,,,
20160630,664417.0125,624009.694,,,,
20160701,679593.1635,641158.839,,,,
20160702,627057.194,588301.155,,,,
20160703,531266.1755,501881.711,,,,
20160704,621041.932,584472.179,,,,
20160705,673921.127,638806.809,,,,
20160706,703679.0965,664854.038,,,,
20160707,717424.5955,677712.03,,,,
20160708,724279.9445,680265.702,,,,
20160709,716670.843,674773.765,,,,
20160710,660923.975,623633.872,,,,
20160711,706865.301,664594.122,,,,
20160712,731165.511,686009.796,,,,
20160713,705832.1435,660621.713,,,,
20160714,704430.1165,661044.075,,,,
20160715,704563.386,653175.772,,,,
20160716,730227.36,685259.428,,,,
20160717,670706.553,629639.176,,,,
20160718,711877.1325,669235.988,,,,
20160719,776833.977,728687.279,,,,
20160720,751797.167,705268.389,,,,
20160721,776470.1855,727229.866,,,,
20160722,792712.7995,741469.749,,,,
20160723,792175.933,738883.712,,,,
20160724,753518.7285,705720.941,,,,
20160725,753725.2415,704843.017,,,,
20160726,778129.284,728119.424,,,,
20160727,755748.1365,707460.173,,,,
20160728,768525.4645,719631.734,,,,
20160729,782209.861,733515.156,,,,
20160730,757707.3805,711391.817,,,,
20160731,703364.8775,665074.865,,,,
20160801,707548.009,662213.811,,,,
20160802,551907.8685,519841.767,,,,
20160803,576061.0845,539371.419,,,,
20160804,629423.997,592178.789,,,,
20160805,684156.5795,642893.272,,,,
20160806,692345.693,649111.792,,,,
